trade_id,created_at,direction,pnl_r,amd_tag,amd_trade_phase,asian_range_pips,judas_direction,judas_pips,reversal_confirmed,session_direction_alignment
7e6e3ffd-a922-4171-8014-7101b5869979,2026-04-14T02:16:01.128844+00:00,long,-0.45,AMD_COMPRESSION_BREAKOUT,ASIAN_ACCUMULATION,27,UP,18,false,COUNTER
2b120d46-a4ba-40b5-a1fe-988dc847985c,2026-04-14T02:46:00.983639+00:00,long,-0.69,AMD_COMPRESSION_BREAKOUT,ASIAN_ACCUMULATION,27,UP,18,false,COUNTER
ce2f04f9-e697-4cb6-9390-7605f9afc798,2026-04-14T03:11:01.160047+00:00,long,0.09,AMD_COMPRESSION_BREAKOUT,ASIAN_ACCUMULATION,27,UP,18,false,COUNTER
6931475e-7980-4548-923b-ca90972efb96,2026-04-14T03:26:01.087384+00:00,long,-1,AMD_COMPRESSION_BREAKOUT,ASIAN_ACCUMULATION,27,UP,18,false,COUNTER
b00be8f5-9b61-4ce1-be43-d9c97f97b3cd,2026-04-14T04:51:00.739265+00:00,long,-1.12,AMD_COMPRESSION_BREAKOUT,ASIAN_ACCUMULATION,27,UP,18,false,COUNTER
a6ebb988-7caf-4f7c-8d17-d28e08ae6c93,2026-04-14T05:06:00.831164+00:00,short,0.47,AMD_COMPRESSION_BREAKOUT,ASIAN_ACCUMULATION,27,UP,18,false,ALIGNED
bef2fac2-5c0e-4981-bf44-e94a05bd0beb,2026-04-14T05:51:01.111205+00:00,long,-0.05,AMD_COMPRESSION_BREAKOUT,ASIAN_ACCUMULATION,27,UP,18,false,COUNTER
7028d211-8577-45c0-93e9-ec6b2c5c6c21,2026-04-14T06:11:01.284794+00:00,long,-1.05,AMD_COMPRESSION_BREAKOUT,ASIAN_ACCUMULATION,27,UP,18,false,COUNTER
b5c65406-7242-4ac1-809b-b83af1fbdd36,2026-04-14T06:41:01.391612+00:00,long,0.84,AMD_COMPRESSION_BREAKOUT,ASIAN_ACCUMULATION,27,UP,18,false,COUNTER
fafe8d91-9a1b-463f-8410-bb67583a296e,2026-04-14T06:56:01.295349+00:00,long,0.19,AMD_COMPRESSION_BREAKOUT,ASIAN_ACCUMULATION,27,UP,18,false,COUNTER
00046c7c-7dc5-412a-bbcb-e87d9bfbfeab,2026-04-14T07:31:01.024329+00:00,long,-0.55,AMD_COMPRESSION_BREAKOUT,ASIAN_ACCUMULATION,27,UP,18,false,COUNTER
5b5cd4f9-7805-4091-af9d-3154b7560b74,2026-04-14T08:01:00.852455+00:00,short,-0.71,AMD_COMPRESSION_BREAKOUT,LONDON_MANIPULATION,27,UP,18,false,ALIGNED
92487687-8cc4-40f5-904f-7de401c99de2,2026-04-14T08:21:00.728412+00:00,long,0.94,AMD_COMPRESSION_BREAKOUT,LONDON_MANIPULATION,27,UP,18,false,COUNTER
3dacc68e-f10a-42b1-b746-58d0d0ae0436,2026-04-14T08:36:01.161501+00:00,long,0.63,AMD_COMPRESSION_BREAKOUT,LONDON_MANIPULATION,27,UP,18,false,COUNTER
80f682ef-3f9e-43e2-b009-72b8c586e1c5,2026-04-14T09:11:00.669619+00:00,long,-0.49,AMD_COMPRESSION_BREAKOUT,LONDON_MANIPULATION,27,UP,18,false,COUNTER
10801cd0-64f6-4ada-8ac2-30249ef37764,2026-04-14T09:51:00.886077+00:00,long,0.61,AMD_COMPRESSION_BREAKOUT,LONDON_MANIPULATION,27,UP,18,false,COUNTER
73e3c3f9-15c7-45dd-af92-bb00b3e00ef5,2026-04-14T10:06:01.403866+00:00,long,-0.28,AMD_COMPRESSION_BREAKOUT,DISTRIBUTION,27,UP,18,false,COUNTER
8a31902d-4b73-4fe6-b061-aa66a3235fd6,2026-04-14T10:41:01.026411+00:00,long,0.39,AMD_COMPRESSION_BREAKOUT,DISTRIBUTION,27,UP,18,false,COUNTER
1d06ce9b-7363-4cd1-9cc1-3ef1812b29b2,2026-04-14T10:56:00.608306+00:00,long,0.09,AMD_COMPRESSION_BREAKOUT,DISTRIBUTION,27,UP,18,false,COUNTER
6fc51a44-ec47-40d9-970f-4561b86c40d4,2026-04-14T11:51:01.158727+00:00,long,-0.64,AMD_COMPRESSION_BREAKOUT,DISTRIBUTION,27,UP,18,false,COUNTER
245b186b-b11b-4190-bcb1-8fe58ce9cb48,2026-04-14T12:21:01.565728+00:00,long,-1.05,AMD_COMPRESSION_BREAKOUT,DISTRIBUTION,27,UP,18,false,COUNTER
df875ddd-4fea-4feb-abeb-b9b001e58493,2026-04-14T12:41:01.061964+00:00,long,0.75,AMD_COMPRESSION_BREAKOUT,DISTRIBUTION,27,UP,18,false,COUNTER
a001480c-8cce-4221-9d2a-891bbb458116,2026-04-14T12:56:01.173161+00:00,long,0.03,AMD_COMPRESSION_BREAKOUT,DISTRIBUTION,27,UP,18,false,COUNTER
2e876761-de8b-4573-95ed-9011c7c8fd09,2026-04-14T13:11:00.790252+00:00,long,-0.72,AMD_COMPRESSION_BREAKOUT,DISTRIBUTION,27,UP,18,false,COUNTER
b82dd33b-c3b7-4d4f-9e2d-fd7d45be9e07,2026-04-14T13:46:13.92158+00:00,long,-0.19,AMD_COMPRESSION_BREAKOUT,DISTRIBUTION,27,UP,18,false,COUNTER
e98d6e27-c007-4f47-987f-4cde13613467,2026-04-14T14:01:03.419649+00:00,long,-0.88,AMD_COMPRESSION_BREAKOUT,DISTRIBUTION,27,UP,18,false,COUNTER
a7554c39-c553-4d1b-97c6-51f13dc05a64,2026-04-14T14:16:01.090342+00:00,long,-1.14,AMD_COMPRESSION_BREAKOUT,DISTRIBUTION,27,UP,18,false,COUNTER
10635091-2661-4d1b-8f61-e3b2b6e0577a,2026-04-14T14:51:01.35697+00:00,long,0.62,AMD_COMPRESSION_BREAKOUT,DISTRIBUTION,27,UP,18,false,COUNTER
7ba7ea9e-f21a-49c9-bf0c-25a19f5a0296,2026-04-14T15:31:01.055877+00:00,long,-1.21,AMD_COMPRESSION_BREAKOUT,DISTRIBUTION,27,UP,18,false,COUNTER
837bb915-d196-4ac0-9f2d-2d0b8015917b,2026-04-14T16:06:00.902277+00:00,short,-1.18,AMD_COMPRESSION_BREAKOUT,DISTRIBUTION,27,UP,18,false,ALIGNED
e647b19d-d479-420d-b3a5-6395240a2e58,2026-04-15T01:21:00.944102+00:00,long,-0.94,AMD_SHIFTED,ASIAN_ACCUMULATION,26,DOWN,10,true,ALIGNED
fd229e57-907d-4f91-994c-3be464cfc66d,2026-04-15T01:56:01.266946+00:00,long,-0.7,AMD_SHIFTED,ASIAN_ACCUMULATION,26,DOWN,10,true,ALIGNED
f3b7d5d8-9765-414b-af7e-2cc75bcad67a,2026-04-15T02:11:00.900774+00:00,long,-1.07,AMD_SHIFTED,ASIAN_ACCUMULATION,26,DOWN,10,true,ALIGNED
6d606c2f-d095-4220-b202-73905d40d268,2026-04-15T02:51:00.911702+00:00,long,1.12,AMD_SHIFTED,ASIAN_ACCUMULATION,26,DOWN,10,true,ALIGNED
aace4d89-c5e1-4a62-890e-c2a6f5e11d31,2026-04-15T03:21:00.667807+00:00,long,-0.15,AMD_SHIFTED,ASIAN_ACCUMULATION,26,DOWN,10,true,ALIGNED
14ea75b2-6e90-42c8-a61e-38880d0cb248,2026-04-15T03:36:00.806002+00:00,long,-0.81,AMD_SHIFTED,ASIAN_ACCUMULATION,26,DOWN,10,true,ALIGNED
c38f63bd-ca98-4b27-86cf-7bec54360470,2026-04-15T03:56:00.932418+00:00,long,1.35,AMD_SHIFTED,ASIAN_ACCUMULATION,26,DOWN,10,true,ALIGNED
bb68d449-96e6-4e84-bbb4-0030c2c678aa,2026-04-15T04:16:01.17131+00:00,long,-0.93,AMD_SHIFTED,ASIAN_ACCUMULATION,26,DOWN,10,true,ALIGNED
887c332c-0fc7-4b79-a994-816bc8b2dcf7,2026-04-15T04:31:01.132218+00:00,long,2.91,AMD_SHIFTED,ASIAN_ACCUMULATION,26,DOWN,10,true,ALIGNED
91021069-c272-4c34-98e6-4d06b22a2b41,2026-04-15T04:51:00.920351+00:00,long,3.05,AMD_SHIFTED,ASIAN_ACCUMULATION,26,DOWN,10,true,ALIGNED
0a129c62-23d4-4b76-9c5c-6cfbeb399572,2026-04-15T06:11:00.682978+00:00,long,-0.04,AMD_SHIFTED,ASIAN_ACCUMULATION,26,DOWN,10,true,ALIGNED
ca11c264-9f7d-4b7b-8a75-724bfb9416ed,2026-04-15T06:31:00.648995+00:00,long,0.19,AMD_SHIFTED,ASIAN_ACCUMULATION,26,DOWN,10,true,ALIGNED
a5e49bbc-6e71-4733-b4d5-33c426cb209c,2026-04-15T06:46:00.923163+00:00,long,-1.47,AMD_SHIFTED,ASIAN_ACCUMULATION,26,DOWN,10,true,ALIGNED
91f232d9-cd5b-42a1-8599-da02d34d064b,2026-04-15T07:26:00.859381+00:00,long,0.03,AMD_SHIFTED,ASIAN_ACCUMULATION,26,DOWN,10,true,ALIGNED
a81c5a48-a22f-451b-976a-689468a46500,2026-04-15T07:41:01.029327+00:00,long,-0.75,AMD_SHIFTED,ASIAN_ACCUMULATION,26,DOWN,10,true,ALIGNED
04623353-fdf9-45f1-a644-191fdc4ad073,2026-04-15T08:11:00.563615+00:00,long,0.11,AMD_SHIFTED,LONDON_MANIPULATION,26,DOWN,10,true,ALIGNED
b464a0d2-ab6a-416d-b288-5d3810507c97,2026-04-15T08:26:01.058479+00:00,long,-0.63,AMD_SHIFTED,LONDON_MANIPULATION,26,DOWN,10,true,ALIGNED
0905cb03-9af8-4121-83d2-0dc4ee745d10,2026-04-15T09:01:00.643344+00:00,long,-1.48,AMD_SHIFTED,LONDON_MANIPULATION,26,DOWN,10,true,ALIGNED
b697e47c-0450-44f8-80f8-3a0b3b23b17e,2026-04-15T09:26:00.855655+00:00,long,-0.49,AMD_SHIFTED,LONDON_MANIPULATION,26,DOWN,10,true,ALIGNED
ca032cf9-3ed9-473a-89bd-41127743f35b,2026-04-15T09:51:00.660519+00:00,long,0,AMD_SHIFTED,LONDON_MANIPULATION,26,DOWN,10,true,ALIGNED
9ae6f4b3-e619-4279-8804-5b187c929dbe,2026-04-15T10:06:00.800266+00:00,long,-0.65,AMD_SHIFTED,DISTRIBUTION,26,DOWN,10,true,ALIGNED
6a4dc451-6099-43ce-8723-8083c7b6236e,2026-04-15T11:11:01.160528+00:00,long,-0.87,AMD_SHIFTED,DISTRIBUTION,26,DOWN,10,true,ALIGNED
6a4500b8-1b12-45b4-9ba8-cb30c3c509ab,2026-04-15T12:26:01.351617+00:00,long,-0.24,AMD_SHIFTED,DISTRIBUTION,26,DOWN,10,true,ALIGNED
bba1d023-3273-4370-b47b-2c84c3035ebe,2026-04-15T12:41:00.767193+00:00,long,-0.8,AMD_SHIFTED,DISTRIBUTION,26,DOWN,10,true,ALIGNED
caea1a36-6f89-4fff-8caa-0e4a2d411fe7,2026-04-15T13:01:01.47222+00:00,long,-0.21,AMD_SHIFTED,DISTRIBUTION,26,DOWN,10,true,ALIGNED
83e543c3-02bd-41e8-b110-1cbcc9e1e1f1,2026-04-15T13:31:01.218473+00:00,long,-0.76,AMD_SHIFTED,DISTRIBUTION,26,DOWN,10,true,ALIGNED
d5bad3c1-5c7c-4aff-a3b9-7ae5c04043e6,2026-04-15T14:11:05.074017+00:00,long,0.27,AMD_SHIFTED,DISTRIBUTION,26,DOWN,10,true,ALIGNED
a4f1ffb9-d4cd-4179-a4eb-f9b1056dd85a,2026-04-15T14:26:00.880421+00:00,long,-0.51,AMD_SHIFTED,DISTRIBUTION,26,DOWN,10,true,ALIGNED
74f9a5c7-b6ea-4701-8c84-1168dae85c95,2026-04-15T15:11:01.642135+00:00,long,0.6,AMD_SHIFTED,DISTRIBUTION,26,DOWN,10,true,ALIGNED
5b020085-f812-4017-8f39-12f3809d56f0,2026-04-15T15:26:00.981937+00:00,long,-0.77,AMD_SHIFTED,DISTRIBUTION,26,DOWN,10,true,ALIGNED
d0b02728-3ba0-431a-b77d-8c966c5229ca,2026-04-15T16:11:01.304604+00:00,long,0.13,AMD_SHIFTED,DISTRIBUTION,26,DOWN,10,true,ALIGNED
37e73e42-660c-40c5-be04-cf77a8256623,2026-04-15T16:31:02.826557+00:00,long,-1.03,AMD_SHIFTED,DISTRIBUTION,26,DOWN,10,true,ALIGNED
18e0bd29-87b6-4cdd-ad13-2d55866e975b,2026-04-15T17:06:01.304051+00:00,long,-0.83,AMD_SHIFTED,NY_CONTINUATION,26,DOWN,10,true,ALIGNED
76747be6-73e4-4cf8-82d8-bef78268d596,2026-04-15T18:01:01.170947+00:00,long,2.32,AMD_SHIFTED,NY_CONTINUATION,26,DOWN,10,true,ALIGNED
5bc1b0ef-19a1-4aff-be52-6a91ea5d7c13,2026-04-15T18:21:01.112635+00:00,long,0.2,AMD_SHIFTED,NY_CONTINUATION,26,DOWN,10,true,ALIGNED
16c59f44-f9f2-4973-b619-01b2f5996ecb,2026-04-15T19:01:17.048008+00:00,long,-0.63,AMD_SHIFTED,NY_CONTINUATION,26,DOWN,10,true,ALIGNED
5a10c343-8f00-4173-a416-c35bac9f2621,2026-04-15T19:31:01.014795+00:00,long,-1.45,AMD_SHIFTED,NY_CONTINUATION,26,DOWN,10,true,ALIGNED
1f19f0b9-9942-41ed-8720-728bd4ba37b0,2026-04-15T20:46:01.236643+00:00,long,-4.19,AMD_SHIFTED,NY_CONTINUATION,26,DOWN,10,true,ALIGNED
76a1b524-e4f0-4284-adce-dd95ded9e505,2026-04-15T21:26:01.204681+00:00,long,-0.85,AMD_SHIFTED,OTHER,26,DOWN,10,true,ALIGNED
6495c91f-a372-4899-be00-0002cef95656,2026-04-15T21:41:01.276865+00:00,long,-0.88,AMD_SHIFTED,OTHER,26,DOWN,10,true,ALIGNED
aab03468-ac34-4098-93d0-a0505b3dd098,2026-04-15T22:11:01.236244+00:00,long,-0.44,AMD_SHIFTED,OTHER,26,DOWN,10,true,ALIGNED
4b476186-2a09-423e-9ce6-8c56fe3cd748,2026-04-15T22:31:01.04846+00:00,long,-0.96,AMD_SHIFTED,OTHER,26,DOWN,10,true,ALIGNED
00da201d-9917-4ffd-b37b-84cd23b7337f,2026-04-15T22:56:01.280372+00:00,long,-1.09,AMD_SHIFTED,OTHER,26,DOWN,10,true,ALIGNED
e0671515-c214-4827-9a23-44ccca0b121d,2026-04-15T23:46:00.82014+00:00,long,-0.93,AMD_SHIFTED,OTHER,26,DOWN,10,true,ALIGNED
d320aaf8-ab51-41f3-b145-9fbae6a8b6ba,2026-04-16T00:01:01.126984+00:00,long,-2.75,AMD_SHIFTED,ASIAN_ACCUMULATION,35,DOWN,17,false,ALIGNED
984790a4-1649-4592-b7ae-4346e4149dea,2026-04-16T01:01:01.05078+00:00,long,-1.08,AMD_SHIFTED,ASIAN_ACCUMULATION,35,DOWN,17,false,ALIGNED
25b57780-4918-40d5-a275-264bdb63a38b,2026-04-16T01:56:01.301998+00:00,long,1.52,AMD_SHIFTED,ASIAN_ACCUMULATION,35,DOWN,17,false,ALIGNED
9c2b6363-2d9f-454d-a23a-6f81a3ce1251,2026-04-16T02:16:01.076333+00:00,long,3.33,AMD_SHIFTED,ASIAN_ACCUMULATION,35,DOWN,17,false,ALIGNED
c7ffa6da-49ef-4fde-98b4-663eb50b50c5,2026-04-16T02:31:01.027386+00:00,long,0.74,AMD_SHIFTED,ASIAN_ACCUMULATION,35,DOWN,17,false,ALIGNED
bf5b75ff-7aed-42a8-84b9-4f65cad6eb88,2026-04-16T02:51:00.952834+00:00,long,-0.08,AMD_SHIFTED,ASIAN_ACCUMULATION,35,DOWN,17,false,ALIGNED
579e1113-3585-4901-b0eb-6d16d6531064,2026-04-16T03:16:01.215319+00:00,long,-0.73,AMD_SHIFTED,ASIAN_ACCUMULATION,35,DOWN,17,false,ALIGNED
c86efe20-6c52-4b54-98f2-4c8c6382a8dc,2026-04-16T04:11:00.976097+00:00,long,-0.32,AMD_SHIFTED,ASIAN_ACCUMULATION,35,DOWN,17,false,ALIGNED
10523790-7600-42a6-95a8-e91892f34957,2026-04-16T04:26:01.20001+00:00,long,-0.79,AMD_SHIFTED,ASIAN_ACCUMULATION,35,DOWN,17,false,ALIGNED
cd1b1813-dfd5-42b3-a6ee-25ff6b74f9a0,2026-04-16T05:11:01.207832+00:00,long,-2.77,AMD_SHIFTED,ASIAN_ACCUMULATION,35,DOWN,17,false,ALIGNED
122552cb-05e0-447d-aed6-54b184e83739,2026-04-16T05:41:01.261697+00:00,long,-1.38,AMD_SHIFTED,ASIAN_ACCUMULATION,35,DOWN,17,false,ALIGNED
01ecca7b-e273-4381-93a1-11fcf2f990d9,2026-04-16T06:56:00.769117+00:00,long,-0.25,AMD_SHIFTED,ASIAN_ACCUMULATION,35,DOWN,17,false,ALIGNED
93e8fe44-e7d7-4526-88ab-82bbdb7766da,2026-04-16T07:31:01.185639+00:00,long,-0.98,AMD_SHIFTED,ASIAN_ACCUMULATION,35,DOWN,17,false,ALIGNED
aef3e838-c7c3-45ca-bd8f-4ac7efa0eac4,2026-04-16T09:01:01.251929+00:00,long,-1.5,AMD_SHIFTED,LONDON_MANIPULATION,35,DOWN,17,false,ALIGNED
f791b30f-f617-4683-88a2-87b90eff13f6,2026-04-16T09:41:01.296604+00:00,long,-1.38,AMD_SHIFTED,LONDON_MANIPULATION,35,DOWN,17,false,ALIGNED
d975c0c4-0a1f-4d7a-99e0-63cd6bde9ace,2026-04-16T10:01:00.844508+00:00,long,-1.68,AMD_SHIFTED,DISTRIBUTION,35,DOWN,17,false,ALIGNED
98a54cd5-3c9c-422f-a202-3db6d0a9e160,2026-04-16T10:41:00.633625+00:00,long,0.68,AMD_SHIFTED,DISTRIBUTION,35,DOWN,17,false,ALIGNED
8ca4e58b-ba3c-445f-9695-580a53f956fc,2026-04-16T12:41:01.183793+00:00,long,-0.95,AMD_SHIFTED,DISTRIBUTION,35,DOWN,17,false,ALIGNED
4e0625e0-a64d-4b8c-b0c0-5b206af77f69,2026-04-16T13:11:02.142214+00:00,long,-3.17,AMD_SHIFTED,DISTRIBUTION,35,DOWN,17,false,ALIGNED
43844b7f-cd83-469c-a464-88a77ffdc324,2026-04-16T17:06:01.238157+00:00,long,-0.67,AMD_SHIFTED,NY_CONTINUATION,35,DOWN,17,false,ALIGNED
0d74c2d2-170d-4f30-bedd-fcdf4b6e279c,2026-04-16T17:31:02.544621+00:00,long,-0.43,AMD_SHIFTED,NY_CONTINUATION,35,DOWN,17,false,ALIGNED
bfeffd74-099f-4fac-af6e-5fee98d1b1ef,2026-04-16T17:51:01.420643+00:00,long,-0.45,AMD_SHIFTED,NY_CONTINUATION,35,DOWN,17,false,ALIGNED
50ebe66a-6ac4-4697-8394-09728de948d3,2026-04-16T18:41:18.312076+00:00,long,-0.09,AMD_SHIFTED,NY_CONTINUATION,35,DOWN,17,false,ALIGNED
8d49aded-6481-4baa-aec3-354621f33d5c,2026-04-16T19:11:01.020961+00:00,long,-0.27,AMD_SHIFTED,NY_CONTINUATION,35,DOWN,17,false,ALIGNED
f940c8dd-8ad9-4af6-9051-2696f8cdf31a,2026-04-16T19:31:01.23054+00:00,long,-0.88,AMD_SHIFTED,NY_CONTINUATION,35,DOWN,17,false,ALIGNED
37b4a90e-a708-4760-be49-f4e83e7b2457,2026-04-16T20:21:01.721368+00:00,long,-0.67,AMD_SHIFTED,NY_CONTINUATION,35,DOWN,17,false,ALIGNED
23eaf63f-affa-4adc-b364-4856b71b7110,2026-04-16T20:36:01.214984+00:00,long,-3.39,AMD_SHIFTED,NY_CONTINUATION,35,DOWN,17,false,ALIGNED
3d3cd9cd-9bf8-4130-9df7-e0bb1890ec7f,2026-04-16T20:51:01.502973+00:00,long,-4.65,AMD_SHIFTED,NY_CONTINUATION,35,DOWN,17,false,ALIGNED
d46fe6e3-f1c9-4e35-b8ce-5b794aa05dd2,2026-04-16T21:46:01.098783+00:00,long,-0.41,AMD_SHIFTED,OTHER,35,DOWN,17,false,ALIGNED
d2cbb416-9e77-44ec-a627-a342894526f0,2026-04-16T22:16:01.050052+00:00,long,-0.66,AMD_SHIFTED,OTHER,35,DOWN,17,false,ALIGNED
57b66854-1970-4887-a5e0-9e00adadcade,2026-04-16T22:36:00.977796+00:00,long,-0.67,AMD_SHIFTED,OTHER,35,DOWN,17,false,ALIGNED
1a0a123e-fd10-4234-b0a7-c9b8916e3167,2026-04-17T00:41:00.983481+00:00,long,-0.65,AMD_SHIFTED,ASIAN_ACCUMULATION,19,UP,10,false,COUNTER
4f56182d-78e2-44fd-8ef0-2d339759a321,2026-04-17T01:26:01.330506+00:00,long,-0.49,AMD_SHIFTED,ASIAN_ACCUMULATION,19,UP,10,false,COUNTER
e66dad7f-e3ad-4b5e-817e-757fc0f12b9f,2026-04-17T01:51:01.144936+00:00,long,-1,AMD_SHIFTED,ASIAN_ACCUMULATION,19,UP,10,false,COUNTER
c86469b0-8e08-435e-8d24-bd59861873d9,2026-04-17T03:11:03.779125+00:00,long,-1.14,AMD_SHIFTED,ASIAN_ACCUMULATION,19,UP,10,false,COUNTER
f1605255-c58a-4814-832b-5dfc78bc74e0,2026-04-17T03:46:01.244243+00:00,long,-0.18,AMD_SHIFTED,ASIAN_ACCUMULATION,19,UP,10,false,COUNTER
2da976bc-86b2-4cc7-a92e-b2d482854150,2026-04-17T04:01:01.057563+00:00,long,0.21,AMD_SHIFTED,ASIAN_ACCUMULATION,19,UP,10,false,COUNTER
5a4fa014-0979-44d8-83f4-299f51f27855,2026-04-17T04:21:01.295082+00:00,long,-0.25,AMD_SHIFTED,ASIAN_ACCUMULATION,19,UP,10,false,COUNTER
f87921c8-e3bf-4fbf-8c0b-b560509ea0a0,2026-04-17T05:21:00.760075+00:00,long,-0.86,AMD_SHIFTED,ASIAN_ACCUMULATION,19,UP,10,false,COUNTER
205fab7b-fb83-46da-b4c1-67cbb17da012,2026-04-17T05:56:00.960653+00:00,long,-1.94,AMD_SHIFTED,ASIAN_ACCUMULATION,19,UP,10,false,COUNTER
902efec7-bdcf-48a2-a6f4-dc9f80fa9944,2026-04-17T06:26:01.407525+00:00,long,-0.74,AMD_SHIFTED,ASIAN_ACCUMULATION,19,UP,10,false,COUNTER
9cb828e7-ebb8-401f-abe9-54387d336dd3,2026-04-17T06:46:00.916715+00:00,long,-0.56,AMD_SHIFTED,ASIAN_ACCUMULATION,19,UP,10,false,COUNTER
79edcbae-94d3-4812-8007-e5e6e0580fd4,2026-04-17T07:36:00.804193+00:00,long,0.58,AMD_SHIFTED,ASIAN_ACCUMULATION,19,UP,10,false,COUNTER
43796757-c796-489a-a4cf-d8d2dcc5b444,2026-04-17T07:56:01.086461+00:00,long,0.72,AMD_SHIFTED,ASIAN_ACCUMULATION,19,UP,10,false,COUNTER
f723ba01-7a68-432f-ac91-b228773aadc4,2026-04-17T08:41:01.353209+00:00,long,-0.04,AMD_SHIFTED,LONDON_MANIPULATION,19,UP,10,false,COUNTER
be85a6f5-20d5-4d21-acac-b715a13a9c32,2026-04-17T08:56:00.69653+00:00,long,-0.8,AMD_SHIFTED,LONDON_MANIPULATION,19,UP,10,false,COUNTER
c564e6f4-2784-4f55-9f22-8dc23fb003dd,2026-04-17T09:31:01.047042+00:00,long,-1.67,AMD_SHIFTED,LONDON_MANIPULATION,19,UP,10,false,COUNTER
ad4b23dc-41db-4951-8e3d-868fae150d58,2026-04-17T10:36:00.864318+00:00,long,-1.63,AMD_SHIFTED,DISTRIBUTION,19,UP,10,false,COUNTER
ccfb413d-d155-4763-b9d9-9f53f42d680f,2026-04-17T11:21:00.782532+00:00,long,0.13,AMD_SHIFTED,DISTRIBUTION,19,UP,10,false,COUNTER
fb1164c4-d1e0-46f1-9220-a75b19bca3e2,2026-04-17T12:11:00.977141+00:00,long,1.66,AMD_SHIFTED,DISTRIBUTION,19,UP,10,false,COUNTER
3ba7611c-a5af-404c-b761-ec85052d39b2,2026-04-17T13:06:01.547934+00:00,long,0,AMD_SHIFTED,DISTRIBUTION,19,UP,10,false,COUNTER
facf909e-d289-4a60-b875-7f9c93d8d4da,2026-04-17T13:46:01.564534+00:00,long,-0.66,AMD_SHIFTED,DISTRIBUTION,19,UP,10,false,COUNTER
cfeef894-6aa5-4e13-a6e1-31682896f33e,2026-04-17T14:01:01.416178+00:00,long,-0.1,AMD_SHIFTED,DISTRIBUTION,19,UP,10,false,COUNTER
6a3edec7-2bb6-40ad-a20b-de0453c5d2d6,2026-04-17T14:26:01.281856+00:00,long,-0.54,AMD_SHIFTED,DISTRIBUTION,19,UP,10,false,COUNTER
97db5e4e-4348-4e07-a8de-01a42bcbd589,2026-04-17T15:41:01.188787+00:00,SHORT,0.18,AMD_SHIFTED,DISTRIBUTION,19,UP,10,false,ALIGNED
dd3ec1af-8522-44f4-82af-048eef573304,2026-04-17T15:56:01.651359+00:00,SHORT,-0.03,AMD_SHIFTED,DISTRIBUTION,19,UP,10,false,ALIGNED
9d333430-609c-4664-8033-02d2b99b98ec,2026-04-17T16:21:01.512255+00:00,SHORT,-0.05,AMD_SHIFTED,DISTRIBUTION,19,UP,10,false,ALIGNED
8ba3c929-22ba-4d81-8f02-f45a6bf5d8ca,2026-04-17T16:36:01.392264+00:00,LONG,-0.48,AMD_SHIFTED,DISTRIBUTION,19,UP,10,false,COUNTER
e623cdb1-b319-4f5a-a44d-29f9ef586fe3,2026-04-17T16:51:01.424849+00:00,SHORT,-3.4,AMD_SHIFTED,DISTRIBUTION,19,UP,10,false,ALIGNED
ac187b9e-b618-4897-8f50-b98088d2babe,2026-04-17T17:41:06.26543+00:00,SHORT,-2.07,AMD_SHIFTED,NY_CONTINUATION,19,UP,10,false,ALIGNED
5e8f6b03-7830-4fe4-a8b3-092210d002c2,2026-04-17T17:56:01.680348+00:00,SHORT,0.53,AMD_SHIFTED,NY_CONTINUATION,19,UP,10,false,ALIGNED
c3182f8b-fc1d-436c-9181-8ac9bdcf0645,2026-04-17T18:11:02.38818+00:00,LONG,-0.12,AMD_SHIFTED,NY_CONTINUATION,19,UP,10,false,COUNTER
a20df5df-cc6c-41e6-bce2-9fa516112022,2026-04-17T18:31:01.128937+00:00,SHORT,-0.04,AMD_SHIFTED,NY_CONTINUATION,19,UP,10,false,ALIGNED
9c657718-7679-43a3-b8e9-9e0d9077ab58,2026-04-17T18:46:01.732114+00:00,LONG,-0.63,AMD_SHIFTED,NY_CONTINUATION,19,UP,10,false,COUNTER
567618b9-8004-4704-ad31-956e1d4952fb,2026-04-17T19:11:01.565759+00:00,SHORT,0.5,AMD_SHIFTED,NY_CONTINUATION,19,UP,10,false,ALIGNED
e6093269-1852-4061-aa9d-a80258a42ef8,2026-04-17T19:41:01.261377+00:00,LONG,-0.95,AMD_SHIFTED,NY_CONTINUATION,19,UP,10,false,COUNTER
3101078f-911b-4aca-9b6e-20c3d905fa4e,2026-04-17T20:01:01.785601+00:00,SHORT,-0.86,AMD_SHIFTED,NY_CONTINUATION,19,UP,10,false,ALIGNED
58bce300-a170-463f-b2f5-1385f6c8a5a1,2026-04-17T20:21:17.269335+00:00,SHORT,-0.65,AMD_SHIFTED,NY_CONTINUATION,19,UP,10,false,ALIGNED
21ad2471-df81-4e26-980e-5f60672fa825,2026-04-19T23:11:01.190323+00:00,LONG,-0.82,INSUFFICIENT_DATA,OTHER,,,,,UNKNOWN
0476234c-77e8-422d-a539-032830cffe92,2026-04-20T00:31:01.269812+00:00,SHORT,-0.23,AMD_COMPRESSION_BREAKOUT,ASIAN_ACCUMULATION,33,UP,10,false,ALIGNED
9fc665de-d614-488d-820a-e59e0cc71353,2026-04-20T01:06:01.057428+00:00,SHORT,-0.47,AMD_COMPRESSION_BREAKOUT,ASIAN_ACCUMULATION,33,UP,10,false,ALIGNED
c7269116-4d9e-4ed7-872b-f59cffe0a613,2026-04-20T02:16:01.0079+00:00,LONG,0.66,AMD_COMPRESSION_BREAKOUT,ASIAN_ACCUMULATION,33,UP,10,false,COUNTER
558fb844-d931-46d6-9854-164907c34eb6,2026-04-20T02:31:00.803741+00:00,LONG,-0.69,AMD_COMPRESSION_BREAKOUT,ASIAN_ACCUMULATION,33,UP,10,false,COUNTER
ceaa2bea-f918-4780-884b-76550ef5c9f2,2026-04-20T03:06:01.427716+00:00,LONG,-1.44,AMD_COMPRESSION_BREAKOUT,ASIAN_ACCUMULATION,33,UP,10,false,COUNTER
f536f270-6d58-4091-b429-66d61341f686,2026-04-20T04:51:01.137154+00:00,LONG,-1.78,AMD_COMPRESSION_BREAKOUT,ASIAN_ACCUMULATION,33,UP,10,false,COUNTER
dc6385d6-39d8-4bfc-bd2b-2d94bbe27834,2026-04-20T06:01:01.626609+00:00,LONG,-0.54,AMD_COMPRESSION_BREAKOUT,ASIAN_ACCUMULATION,33,UP,10,false,COUNTER
cef993b8-e79f-4eba-bf60-a6b5ebb62ee1,2026-04-20T06:41:01.11313+00:00,LONG,0.27,AMD_COMPRESSION_BREAKOUT,ASIAN_ACCUMULATION,33,UP,10,false,COUNTER
9dba33ed-b23c-4b4d-bfb0-2ed4b60c72cd,2026-04-20T07:21:01.365052+00:00,LONG,-3.1,AMD_COMPRESSION_BREAKOUT,ASIAN_ACCUMULATION,33,UP,10,false,COUNTER
20c9896d-6808-4364-822a-47bad4d4f336,2026-04-20T08:06:01.103823+00:00,LONG,0.11,AMD_COMPRESSION_BREAKOUT,LONDON_MANIPULATION,33,UP,10,false,COUNTER
aa4642ff-a5d1-47d8-b082-9f732f4c8975,2026-04-20T08:36:01.662775+00:00,LONG,0.58,AMD_COMPRESSION_BREAKOUT,LONDON_MANIPULATION,33,UP,10,false,COUNTER
8943cd0f-544c-48cf-a877-f05e7af8cf6c,2026-04-20T08:51:02.055322+00:00,LONG,0.21,AMD_COMPRESSION_BREAKOUT,LONDON_MANIPULATION,33,UP,10,false,COUNTER
91826cbd-dbe1-4435-a47a-bc6e363661bb,2026-04-20T09:11:01.117237+00:00,LONG,-0.07,AMD_COMPRESSION_BREAKOUT,LONDON_MANIPULATION,33,UP,10,false,COUNTER
c35e261b-8065-4459-8946-5fb72fe0d35c,2026-04-20T09:41:00.8711+00:00,LONG,0,AMD_COMPRESSION_BREAKOUT,LONDON_MANIPULATION,33,UP,10,false,COUNTER
3c6328ce-e946-4c9e-ab1f-a21cfaa26794,2026-04-20T09:56:01.265897+00:00,LONG,1.04,AMD_COMPRESSION_BREAKOUT,LONDON_MANIPULATION,33,UP,10,false,COUNTER
62b67a9a-e897-456b-a848-272b09d566a9,2026-04-20T10:11:01.129324+00:00,LONG,-0.69,AMD_COMPRESSION_BREAKOUT,DISTRIBUTION,33,UP,10,false,COUNTER
15d5f6a1-9a91-45d3-98db-2d758036eb88,2026-04-20T11:31:01.030496+00:00,LONG,0.59,AMD_COMPRESSION_BREAKOUT,DISTRIBUTION,33,UP,10,false,COUNTER
65e91009-5fc2-416b-98f8-a9e1833f2a69,2026-04-20T11:46:00.894308+00:00,LONG,-1.68,AMD_COMPRESSION_BREAKOUT,DISTRIBUTION,33,UP,10,false,COUNTER
f34c9a37-4955-4692-a60f-7d9fdde84365,2026-04-20T12:46:01.588999+00:00,LONG,0.28,AMD_COMPRESSION_BREAKOUT,DISTRIBUTION,33,UP,10,false,COUNTER
feb462d8-1a32-4170-843e-e00314c54855,2026-04-20T13:26:01.517792+00:00,LONG,0.01,AMD_COMPRESSION_BREAKOUT,DISTRIBUTION,33,UP,10,false,COUNTER
05b4d554-5c1e-418b-9eae-4d0ed0844782,2026-04-20T14:26:01.502964+00:00,LONG,-0.17,AMD_COMPRESSION_BREAKOUT,DISTRIBUTION,33,UP,10,false,COUNTER
ae1d3afc-27b3-4ce3-8129-af2bd50d2a7f,2026-04-20T14:51:01.215889+00:00,LONG,-0.84,AMD_COMPRESSION_BREAKOUT,DISTRIBUTION,33,UP,10,false,COUNTER
7f2e3bb6-7c81-4c54-988b-accd5edd4722,2026-04-20T15:21:01.219615+00:00,LONG,0.8,AMD_COMPRESSION_BREAKOUT,DISTRIBUTION,33,UP,10,false,COUNTER
6af71af8-b2ab-445d-8013-2d2339445b56,2026-04-20T15:36:03.300223+00:00,LONG,-0.1,AMD_COMPRESSION_BREAKOUT,DISTRIBUTION,33,UP,10,false,COUNTER
a5bc0124-1221-4172-9aef-69103825153b,2026-04-20T16:21:00.910591+00:00,LONG,-1.28,AMD_COMPRESSION_BREAKOUT,DISTRIBUTION,33,UP,10,false,COUNTER
1b19cf73-aeeb-44bc-81c4-634ce229ae73,2026-04-20T16:56:01.206879+00:00,LONG,0.09,AMD_COMPRESSION_BREAKOUT,DISTRIBUTION,33,UP,10,false,COUNTER
9464fb8e-7095-47f7-9823-563affd3c012,2026-04-20T17:16:00.940786+00:00,LONG,-1.15,AMD_COMPRESSION_BREAKOUT,NY_CONTINUATION,33,UP,10,false,COUNTER
c51be809-544d-4935-86f3-76242e4af967,2026-04-20T17:46:02.239992+00:00,LONG,-0.17,AMD_COMPRESSION_BREAKOUT,NY_CONTINUATION,33,UP,10,false,COUNTER
7640c740-ad8e-42aa-95a1-23de68f8f059,2026-04-20T18:01:01.308027+00:00,LONG,-0.33,AMD_COMPRESSION_BREAKOUT,NY_CONTINUATION,33,UP,10,false,COUNTER
adc3d611-3f9b-4707-a61a-002e5acd27a4,2026-04-20T18:21:02.487031+00:00,LONG,-0.42,AMD_COMPRESSION_BREAKOUT,NY_CONTINUATION,33,UP,10,false,COUNTER
4631a256-b3f9-4db3-a357-d60343eb62ed,2026-04-20T18:56:01.341383+00:00,LONG,0.94,AMD_COMPRESSION_BREAKOUT,NY_CONTINUATION,33,UP,10,false,COUNTER
57c3bbe3-5b78-4b18-a992-20c392d24a88,2026-04-20T19:11:01.369493+00:00,LONG,-0.08,AMD_COMPRESSION_BREAKOUT,NY_CONTINUATION,33,UP,10,false,COUNTER
8fbce8c8-3e84-484d-a5fb-9cd15c43c6bf,2026-04-20T19:46:01.416907+00:00,LONG,-0.18,AMD_COMPRESSION_BREAKOUT,NY_CONTINUATION,33,UP,10,false,COUNTER
b5e93708-f2c8-478a-94ce-f8dc461ee6fe,2026-04-20T20:46:01.343807+00:00,LONG,-1.75,AMD_COMPRESSION_BREAKOUT,NY_CONTINUATION,33,UP,10,false,COUNTER
f4468155-3ab5-4484-b940-90f12c36cd76,2026-04-20T21:51:01.220444+00:00,SHORT,-2.07,AMD_COMPRESSION_BREAKOUT,OTHER,33,UP,10,false,ALIGNED
e156474f-8244-42dc-ad36-09ed8a0ca911,2026-04-20T22:16:00.964002+00:00,SHORT,-1.08,AMD_COMPRESSION_BREAKOUT,OTHER,33,UP,10,false,ALIGNED
0951be93-25bc-41ed-8eae-a542d44dd9c3,2026-04-21T00:26:01.191091+00:00,LONG,-0.59,AMD_SHIFTED,ASIAN_ACCUMULATION,29,DOWN,9,true,ALIGNED
5973ca19-fd23-4c06-9789-68499e29756d,2026-04-21T00:56:01.605814+00:00,SHORT,-0.71,AMD_SHIFTED,ASIAN_ACCUMULATION,29,DOWN,9,true,COUNTER
c8277380-2f6c-496c-9906-7f5aed105039,2026-04-21T01:11:01.382848+00:00,SHORT,-1.45,AMD_SHIFTED,ASIAN_ACCUMULATION,29,DOWN,9,true,COUNTER
bc75c74a-4a3e-4016-9069-b088dabd80d0,2026-04-21T01:26:01.193414+00:00,SHORT,-1.88,AMD_SHIFTED,ASIAN_ACCUMULATION,29,DOWN,9,true,COUNTER
6ea0a939-6783-4da2-83a3-90ab832ea770,2026-04-21T02:16:01.680935+00:00,SHORT,0.29,AMD_SHIFTED,ASIAN_ACCUMULATION,29,DOWN,9,true,COUNTER
fa3fe698-a95d-4603-a056-ddb8c160cf5b,2026-04-21T03:01:00.9101+00:00,LONG,-2.74,AMD_SHIFTED,ASIAN_ACCUMULATION,29,DOWN,9,true,ALIGNED
9e687c7d-fc1d-4578-816d-04de34e4ed18,2026-04-21T03:36:01.139716+00:00,LONG,-0.1,AMD_SHIFTED,ASIAN_ACCUMULATION,29,DOWN,9,true,ALIGNED
192cc4ba-7647-437f-a2d4-82b746e305f1,2026-04-21T03:56:00.741935+00:00,LONG,-0.64,AMD_SHIFTED,ASIAN_ACCUMULATION,29,DOWN,9,true,ALIGNED
080256a0-f7a0-4713-9e8d-25a012ca8790,2026-04-21T04:11:01.3188+00:00,LONG,-0.86,AMD_SHIFTED,ASIAN_ACCUMULATION,29,DOWN,9,true,ALIGNED
676ca3cf-003d-46b3-8fb0-1a9f0199e913,2026-04-21T04:51:01.057214+00:00,LONG,0.81,AMD_SHIFTED,ASIAN_ACCUMULATION,29,DOWN,9,true,ALIGNED
081385d5-c9ff-4ce5-b2d3-664a12a525de,2026-04-21T05:21:01.21896+00:00,LONG,-0.95,AMD_SHIFTED,ASIAN_ACCUMULATION,29,DOWN,9,true,ALIGNED
bbfdd6fe-dd65-40ca-bf01-f1bf584dc03d,2026-04-21T07:26:01.061305+00:00,LONG,-1.12,AMD_SHIFTED,ASIAN_ACCUMULATION,29,DOWN,9,true,ALIGNED
27584fe5-e42a-4a40-b58d-64517dfb2064,2026-04-21T08:31:01.273533+00:00,LONG,-0.03,AMD_SHIFTED,LONDON_MANIPULATION,29,DOWN,9,true,ALIGNED
3dee18e4-8650-40aa-9bbd-1d1727aca0d4,2026-04-21T08:46:01.371065+00:00,LONG,-2,AMD_SHIFTED,LONDON_MANIPULATION,29,DOWN,9,true,ALIGNED
8cb2c42d-f684-4984-af21-d7d8512c4a0c,2026-04-21T09:26:00.959001+00:00,LONG,-0.93,AMD_SHIFTED,LONDON_MANIPULATION,29,DOWN,9,true,ALIGNED
dafa4ba7-687e-4b6e-9a06-2adc039e9cff,2026-04-21T09:41:01.209037+00:00,LONG,-1.64,AMD_SHIFTED,LONDON_MANIPULATION,29,DOWN,9,true,ALIGNED
b11b3e89-cc34-4fa8-b717-f7d818b884d9,2026-04-21T10:36:01.181746+00:00,LONG,-0.59,AMD_SHIFTED,DISTRIBUTION,29,DOWN,9,true,ALIGNED
4a16b650-10df-4b6c-91ed-4c1a10904a50,2026-04-21T10:51:01.697154+00:00,LONG,-0.67,AMD_SHIFTED,DISTRIBUTION,29,DOWN,9,true,ALIGNED
58b4b175-b01f-454f-bd7f-bf8e67556d63,2026-04-21T11:31:00.991788+00:00,LONG,-0.37,AMD_SHIFTED,DISTRIBUTION,29,DOWN,9,true,ALIGNED
61dc2e6d-81fe-405e-ac6e-79ac6c2c937d,2026-04-21T12:01:01.764095+00:00,LONG,-2.38,AMD_SHIFTED,DISTRIBUTION,29,DOWN,9,true,ALIGNED
16a14a9e-3386-47ed-a2b2-7dbbb59e3e25,2026-04-21T12:36:01.167197+00:00,LONG,-1.79,AMD_SHIFTED,DISTRIBUTION,29,DOWN,9,true,ALIGNED
5aea6559-8e2b-4930-a840-9c21afd88343,2026-04-21T13:01:01.379628+00:00,LONG,-0.38,AMD_SHIFTED,DISTRIBUTION,29,DOWN,9,true,ALIGNED
e13b76bf-6b52-4b02-a6d6-6b52e5c54595,2026-04-21T13:31:01.253967+00:00,LONG,1.19,AMD_SHIFTED,DISTRIBUTION,29,DOWN,9,true,ALIGNED
1a8e50df-48be-45b3-8936-33a369b24819,2026-04-21T13:46:01.6882+00:00,LONG,0.33,AMD_SHIFTED,DISTRIBUTION,29,DOWN,9,true,ALIGNED
ca0d162f-8213-4104-b188-c56afdd0bd4e,2026-04-21T14:01:01.7212+00:00,LONG,-0.34,AMD_SHIFTED,DISTRIBUTION,29,DOWN,9,true,ALIGNED
9ef275c5-c360-4a49-9fee-e6f0b4f48819,2026-04-21T14:16:01.592661+00:00,LONG,-1.32,AMD_SHIFTED,DISTRIBUTION,29,DOWN,9,true,ALIGNED
80436e2c-b5a8-4c25-96a0-b2c54e336a07,2026-04-21T14:31:01.307612+00:00,LONG,-2.48,AMD_SHIFTED,DISTRIBUTION,29,DOWN,9,true,ALIGNED
33ada572-b3ed-4fca-9104-9517a2620a21,2026-04-21T15:16:01.561726+00:00,LONG,-1.43,AMD_SHIFTED,DISTRIBUTION,29,DOWN,9,true,ALIGNED
12c08046-83ca-487b-ab22-073c9b2c6917,2026-04-21T15:51:01.543644+00:00,LONG,-0.26,AMD_SHIFTED,DISTRIBUTION,29,DOWN,9,true,ALIGNED
3f16a9c0-fbfa-4a88-a472-dff9325405e1,2026-04-21T17:36:01.438137+00:00,LONG,-0.75,AMD_SHIFTED,NY_CONTINUATION,29,DOWN,9,true,ALIGNED
ea8fbe7e-820d-4ef7-9fb8-2009bb538d5a,2026-04-21T18:11:01.505367+00:00,LONG,-3,AMD_SHIFTED,NY_CONTINUATION,29,DOWN,9,true,ALIGNED
39522188-0bbc-4227-9a6a-a39b296782cd,2026-04-21T18:41:00.822661+00:00,LONG,-2.56,AMD_SHIFTED,NY_CONTINUATION,29,DOWN,9,true,ALIGNED
4b1abb7c-2eca-43c6-a66f-836a62c7edd3,2026-04-21T19:01:01.336271+00:00,LONG,-2.71,AMD_SHIFTED,NY_CONTINUATION,29,DOWN,9,true,ALIGNED
daff8726-e5d5-4c6a-a22c-9d444c130942,2026-04-21T20:31:01.105887+00:00,LONG,-2.24,AMD_SHIFTED,NY_CONTINUATION,29,DOWN,9,true,ALIGNED
7e672588-63bd-46d6-91be-b481a0832c17,2026-04-21T21:46:01.080098+00:00,LONG,1.36,AMD_SHIFTED,OTHER,29,DOWN,9,true,ALIGNED
b2c430d4-82ec-4820-98e1-6cf915fbf219,2026-04-21T22:06:01.675377+00:00,LONG,0.1,AMD_SHIFTED,OTHER,29,DOWN,9,true,ALIGNED
53dbda59-529c-46b3-9c4e-42a8583b5e7f,2026-04-21T23:21:01.111206+00:00,LONG,2.43,AMD_SHIFTED,OTHER,29,DOWN,9,true,ALIGNED
bf8da2d3-1aa9-4027-b880-225153831b6d,2026-04-21T23:36:01.286125+00:00,LONG,1.5,AMD_SHIFTED,OTHER,29,DOWN,9,true,ALIGNED
a6fbd844-4cc5-4338-aa24-82215f6a078c,2026-04-22T00:51:01.500691+00:00,LONG,-3.65,AMD_COMPRESSION_BREAKOUT,ASIAN_ACCUMULATION,23,DOWN,9,false,ALIGNED
8fdea081-4d82-4beb-a688-5afccaeeea61,2026-04-22T02:11:02.10156+00:00,LONG,1.17,AMD_COMPRESSION_BREAKOUT,ASIAN_ACCUMULATION,23,DOWN,9,false,ALIGNED
b749b1bf-2051-4596-848b-37ad7f82642c,2026-04-22T03:31:01.199444+00:00,LONG,1.28,AMD_COMPRESSION_BREAKOUT,ASIAN_ACCUMULATION,23,DOWN,9,false,ALIGNED
05c10f6c-a896-4e25-be4d-00e4e009dcd1,2026-04-22T04:11:00.961844+00:00,LONG,4.86,AMD_COMPRESSION_BREAKOUT,ASIAN_ACCUMULATION,23,DOWN,9,false,ALIGNED
9ed4f0bc-96be-4319-80f2-15dc07158b5d,2026-04-22T04:46:01.282996+00:00,LONG,4.09,AMD_COMPRESSION_BREAKOUT,ASIAN_ACCUMULATION,23,DOWN,9,false,ALIGNED
99ebd70a-a09b-436a-bf12-4bb5e1f19121,2026-04-22T05:51:01.213622+00:00,LONG,-3.39,AMD_COMPRESSION_BREAKOUT,ASIAN_ACCUMULATION,23,DOWN,9,false,ALIGNED
9ce357e7-6dff-4482-bff0-d77cb317ee39,2026-04-22T06:21:01.237503+00:00,LONG,-2.61,AMD_COMPRESSION_BREAKOUT,ASIAN_ACCUMULATION,23,DOWN,9,false,ALIGNED
2d315205-c221-450a-9f3d-d0a3eee909b5,2026-04-22T06:36:01.014136+00:00,LONG,-1.96,AMD_COMPRESSION_BREAKOUT,ASIAN_ACCUMULATION,23,DOWN,9,false,ALIGNED
0f9ee0e5-79b3-4d9a-ade0-fc653cb88780,2026-04-22T07:51:01.023658+00:00,LONG,-0.48,AMD_COMPRESSION_BREAKOUT,ASIAN_ACCUMULATION,23,DOWN,9,false,ALIGNED
74e6c0be-6868-4789-98cf-a70778eb349b,2026-04-22T08:56:00.840686+00:00,LONG,-3.18,AMD_COMPRESSION_BREAKOUT,LONDON_MANIPULATION,23,DOWN,9,false,ALIGNED
143da3e3-2b02-4aaf-ba81-09783b78310c,2026-04-22T09:16:00.775587+00:00,LONG,-2.74,AMD_COMPRESSION_BREAKOUT,LONDON_MANIPULATION,23,DOWN,9,false,ALIGNED
1973b883-8914-4a16-915d-aa606f07e1bb,2026-04-22T09:36:01.507596+00:00,LONG,-2.82,AMD_COMPRESSION_BREAKOUT,LONDON_MANIPULATION,23,DOWN,9,false,ALIGNED
f7e22633-993f-45cf-a659-d1e8c174bd1a,2026-04-22T10:31:00.992596+00:00,LONG,-2,AMD_COMPRESSION_BREAKOUT,DISTRIBUTION,23,DOWN,9,false,ALIGNED
ea5280c6-4d9b-4a79-b170-a78fd2a389c5,2026-04-22T11:01:01.905249+00:00,LONG,-2.91,AMD_COMPRESSION_BREAKOUT,DISTRIBUTION,23,DOWN,9,false,ALIGNED
8dc74901-d478-4fa8-a852-6ffadf502598,2026-04-22T12:26:01.175144+00:00,LONG,-2.19,AMD_COMPRESSION_BREAKOUT,DISTRIBUTION,23,DOWN,9,false,ALIGNED
63369dc6-ccd2-4245-bc72-769c3d5f4d10,2026-04-22T12:56:01.721517+00:00,LONG,1.71,AMD_COMPRESSION_BREAKOUT,DISTRIBUTION,23,DOWN,9,false,ALIGNED
beb91973-47d1-45d8-b3f5-223091a25db4,2026-04-22T13:16:01.159699+00:00,LONG,5.02,AMD_COMPRESSION_BREAKOUT,DISTRIBUTION,23,DOWN,9,false,ALIGNED
cc3f19e2-9e42-4ce2-b77b-3f5c224345d4,2026-04-22T13:46:01.291034+00:00,LONG,2.5,AMD_COMPRESSION_BREAKOUT,DISTRIBUTION,23,DOWN,9,false,ALIGNED
b3df66be-b75e-46d5-ba02-3b7adbee7a94,2026-04-22T14:01:01.491082+00:00,LONG,-0.96,AMD_COMPRESSION_BREAKOUT,DISTRIBUTION,23,DOWN,9,false,ALIGNED
230d49ed-9719-48ac-9734-8cbf42d9d1ee,2026-04-22T15:16:01.029919+00:00,SHORT,-0.27,AMD_COMPRESSION_BREAKOUT,DISTRIBUTION,23,DOWN,9,false,COUNTER
0415edf2-be2a-48b5-ae55-484109516e06,2026-04-22T15:31:01.271777+00:00,SHORT,0.67,AMD_COMPRESSION_BREAKOUT,DISTRIBUTION,23,DOWN,9,false,COUNTER
a0d86b7c-4dac-486a-8790-e4137230c441,2026-04-22T16:01:01.254833+00:00,SHORT,-0.33,AMD_COMPRESSION_BREAKOUT,DISTRIBUTION,23,DOWN,9,false,COUNTER
aeea17be-f0f5-45dc-8626-55d360392041,2026-04-22T16:41:01.604675+00:00,SHORT,-1.92,AMD_COMPRESSION_BREAKOUT,DISTRIBUTION,23,DOWN,9,false,COUNTER
ea5b585f-071f-4ccc-b5f7-65ccf8f67662,2026-04-22T16:56:01.324769+00:00,SHORT,0.13,AMD_COMPRESSION_BREAKOUT,DISTRIBUTION,23,DOWN,9,false,COUNTER
c52d7d33-5a69-4be4-880d-14431ab1a498,2026-04-22T17:16:01.570173+00:00,SHORT,0.73,AMD_COMPRESSION_BREAKOUT,NY_CONTINUATION,23,DOWN,9,false,COUNTER
88d1b12a-2157-4f74-8880-037806077692,2026-04-22T20:36:01.102608+00:00,SHORT,-1.67,AMD_COMPRESSION_BREAKOUT,NY_CONTINUATION,23,DOWN,9,false,COUNTER
2822b231-9b8f-4e3c-a51c-22806ae23ff9,2026-04-22T21:51:01.725864+00:00,SHORT,0.79,AMD_COMPRESSION_BREAKOUT,OTHER,23,DOWN,9,false,COUNTER
5bc98c6e-6f11-457a-bebc-342717dc839d,2026-04-23T00:41:02.233794+00:00,SHORT,1.74,AMD_COMPRESSION_BREAKOUT,ASIAN_ACCUMULATION,30,DOWN,12,false,COUNTER
3a44bf2c-14eb-43e8-bf92-20173c24b1fb,2026-04-23T01:01:01.28047+00:00,SHORT,6.43,AMD_COMPRESSION_BREAKOUT,ASIAN_ACCUMULATION,30,DOWN,12,false,COUNTER
2810b2c7-0123-4de0-b79d-8583b29df15e,2026-04-23T01:51:01.354299+00:00,SHORT,2.82,AMD_COMPRESSION_BREAKOUT,ASIAN_ACCUMULATION,30,DOWN,12,false,COUNTER
ba85e034-eef4-480e-af6a-38bae337c199,2026-04-23T03:36:01.181934+00:00,SHORT,1.03,AMD_COMPRESSION_BREAKOUT,ASIAN_ACCUMULATION,30,DOWN,12,false,COUNTER
8c3f768b-9cd5-4c2a-9cab-c9097ca09b85,2026-04-23T11:26:01.087034+00:00,LONG,-0.09,AMD_COMPRESSION_BREAKOUT,DISTRIBUTION,30,DOWN,12,false,ALIGNED
7ceb3a39-bda5-437a-9ad0-de8156219871,2026-04-23T11:51:03.44621+00:00,LONG,1.69,AMD_COMPRESSION_BREAKOUT,DISTRIBUTION,30,DOWN,12,false,ALIGNED
02505b35-658f-41be-bdba-d02d11b5a182,2026-04-23T12:41:00.932413+00:00,LONG,2.34,AMD_COMPRESSION_BREAKOUT,DISTRIBUTION,30,DOWN,12,false,ALIGNED
9490c7f4-636e-457e-b9b4-2b75b11236cc,2026-04-23T13:06:01.46358+00:00,LONG,2.86,AMD_COMPRESSION_BREAKOUT,DISTRIBUTION,30,DOWN,12,false,ALIGNED
eac4b619-045d-4c77-a541-b446b3c46df5,2026-04-23T13:31:01.815805+00:00,LONG,2.62,AMD_COMPRESSION_BREAKOUT,DISTRIBUTION,30,DOWN,12,false,ALIGNED
93059869-9923-4ee6-b855-eefb035cbcdd,2026-04-23T13:46:01.136864+00:00,LONG,1.64,AMD_COMPRESSION_BREAKOUT,DISTRIBUTION,30,DOWN,12,false,ALIGNED
5a4ee689-58ba-4b80-a18f-523898c81189,2026-04-23T14:16:01.064723+00:00,LONG,0.37,AMD_COMPRESSION_BREAKOUT,DISTRIBUTION,30,DOWN,12,false,ALIGNED
3f84f615-7b68-4f15-b3cf-db19b1c13b0d,2026-04-23T14:31:01.064542+00:00,LONG,-3.72,AMD_COMPRESSION_BREAKOUT,DISTRIBUTION,30,DOWN,12,false,ALIGNED
14839ac3-9ac7-4883-9675-5f0ee56b7cdc,2026-04-23T14:51:01.193522+00:00,LONG,-5.54,AMD_COMPRESSION_BREAKOUT,DISTRIBUTION,30,DOWN,12,false,ALIGNED
dbb78c87-abfc-495e-87c7-583264ef2bf4,2026-04-23T20:01:01.164792+00:00,SHORT,-0.1,AMD_COMPRESSION_BREAKOUT,NY_CONTINUATION,30,DOWN,12,false,COUNTER
dac2bca2-5a6e-4799-bbfc-c7c05123a672,2026-04-23T20:31:00.778418+00:00,SHORT,0.76,AMD_COMPRESSION_BREAKOUT,NY_CONTINUATION,30,DOWN,12,false,COUNTER
14c5c636-cca3-462a-9551-d872170378a0,2026-04-23T22:41:02.18138+00:00,SHORT,-0.43,AMD_COMPRESSION_BREAKOUT,OTHER,30,DOWN,12,false,COUNTER
56fe0e15-59b5-42a1-9379-b7c8fe3336d8,2026-04-24T00:36:00.924235+00:00,SHORT,7.5,AMD_FAILED,ASIAN_ACCUMULATION,21,DOWN,7,true,COUNTER
fbab0c29-c42a-4548-9412-34ce0e84bc68,2026-04-24T01:06:01.135156+00:00,SHORT,4.5,AMD_FAILED,ASIAN_ACCUMULATION,21,DOWN,7,true,COUNTER
3ced1839-6f81-486f-9462-b71c0d928b78,2026-04-24T01:56:01.169876+00:00,SHORT,4.59,AMD_FAILED,ASIAN_ACCUMULATION,21,DOWN,7,true,COUNTER
7058fb7b-0b55-4342-8db7-23a159e4ea32,2026-04-24T02:41:00.850455+00:00,SHORT,1.43,AMD_FAILED,ASIAN_ACCUMULATION,21,DOWN,7,true,COUNTER
0b593917-bebc-4c46-8d93-2e388c24ba61,2026-04-24T04:16:00.881204+00:00,SHORT,-2.33,AMD_FAILED,ASIAN_ACCUMULATION,21,DOWN,7,true,COUNTER
605cf8d5-ba68-41c0-8588-66a847157734,2026-04-24T04:41:00.990723+00:00,SHORT,-3.41,AMD_FAILED,ASIAN_ACCUMULATION,21,DOWN,7,true,COUNTER
8f046a4b-70c6-456d-98d9-4aec3bb78135,2026-04-24T05:26:00.807396+00:00,SHORT,-1.46,AMD_FAILED,ASIAN_ACCUMULATION,21,DOWN,7,true,COUNTER
3e5d15af-8746-4d01-b29e-1c2c06664a49,2026-04-24T06:11:00.934975+00:00,SHORT,-0.5,AMD_FAILED,ASIAN_ACCUMULATION,21,DOWN,7,true,COUNTER
70d85136-9a07-420a-8c70-6d821e0601e2,2026-04-24T06:46:00.975449+00:00,SHORT,-2.05,AMD_FAILED,ASIAN_ACCUMULATION,21,DOWN,7,true,COUNTER
5eaeedc6-a520-48a0-bff5-a26d6c20fef1,2026-04-24T07:16:00.961369+00:00,SHORT,-2.5,AMD_FAILED,ASIAN_ACCUMULATION,21,DOWN,7,true,COUNTER
1e9a0007-901e-4d54-b458-0f4a82d11f38,2026-04-24T07:46:01.147996+00:00,SHORT,-1.51,AMD_FAILED,ASIAN_ACCUMULATION,21,DOWN,7,true,COUNTER
19a9fcc4-88c4-4ec8-affc-569a97eae4c3,2026-04-24T08:01:00.703343+00:00,SHORT,-5.04,AMD_FAILED,LONDON_MANIPULATION,21,DOWN,7,true,COUNTER
53ccae73-1b28-487a-b317-bc1a9b528d5f,2026-04-24T09:46:00.887245+00:00,SHORT,-5.03,AMD_FAILED,LONDON_MANIPULATION,21,DOWN,7,true,COUNTER
d31582e7-9458-43b0-9558-649068331c97,2026-04-24T10:21:00.760574+00:00,SHORT,-1.3,AMD_FAILED,DISTRIBUTION,21,DOWN,7,true,COUNTER
ebd54bb1-de73-4450-a187-10dc568e607f,2026-04-24T10:36:00.896637+00:00,SHORT,-2.36,AMD_FAILED,DISTRIBUTION,21,DOWN,7,true,COUNTER
261cb0ee-94f9-4224-809f-51aaca40f2ed,2026-04-24T12:06:01.038599+00:00,LONG,-2.16,AMD_FAILED,DISTRIBUTION,21,DOWN,7,true,ALIGNED
a3a39b23-f1f0-4b92-b5d0-d281695f28c2,2026-04-24T13:06:01.09897+00:00,LONG,2.8,AMD_FAILED,DISTRIBUTION,21,DOWN,7,true,ALIGNED
98420d6a-af27-4862-903f-2d122f873fcc,2026-04-24T14:21:01.87749+00:00,LONG,0.78,AMD_FAILED,DISTRIBUTION,21,DOWN,7,true,ALIGNED
708ada1a-fa0a-4580-8a34-d056ef8e4cac,2026-04-24T14:41:01.038174+00:00,LONG,0.85,AMD_FAILED,DISTRIBUTION,21,DOWN,7,true,ALIGNED
1f8d7329-0207-4aba-a392-6d90f4c58697,2026-04-24T20:16:01.148788+00:00,LONG,4.73,AMD_FAILED,NY_CONTINUATION,21,DOWN,7,true,ALIGNED
67bf29c4-aa3b-4847-9f2e-4825038af225,2026-04-24T20:51:01.115304+00:00,LONG,4.44,AMD_FAILED,NY_CONTINUATION,21,DOWN,7,true,ALIGNED
3a3448a7-db45-42cf-9f9c-be80eea31f0c,2026-04-27T04:31:00.863972+00:00,LONG,-3.18,AMD_SHIFTED,ASIAN_ACCUMULATION,36,UP,13,false,COUNTER
ccef4886-50b3-45e3-b53f-2174eee34a42,2026-04-27T05:51:01.068466+00:00,LONG,-2.68,AMD_SHIFTED,ASIAN_ACCUMULATION,36,UP,13,false,COUNTER
396a2aa2-a423-407c-bb11-7732f9177fd6,2026-04-27T06:26:00.797638+00:00,LONG,5.8,AMD_SHIFTED,ASIAN_ACCUMULATION,36,UP,13,false,COUNTER
a7dc7c89-8c31-4f79-9285-059e0d47baa8,2026-04-27T07:11:01.275123+00:00,LONG,2.31,AMD_SHIFTED,ASIAN_ACCUMULATION,36,UP,13,false,COUNTER
b9f38d15-e6d0-4aa1-a88e-5aa7ce7d67a2,2026-04-27T07:31:04.394479+00:00,LONG,3.95,AMD_SHIFTED,ASIAN_ACCUMULATION,36,UP,13,false,COUNTER
f9524974-e887-4b8d-85f1-eadce1c65c8c,2026-04-27T07:56:01.073486+00:00,LONG,2.79,AMD_SHIFTED,ASIAN_ACCUMULATION,36,UP,13,false,COUNTER
2958c1ee-7c85-4f01-bc6d-c7940088826b,2026-04-27T08:36:01.004521+00:00,LONG,1.59,AMD_SHIFTED,LONDON_MANIPULATION,36,UP,13,false,COUNTER
98464f9d-02d3-44c3-8941-a0fb5b8f362c,2026-04-27T08:56:00.732346+00:00,LONG,1.23,AMD_SHIFTED,LONDON_MANIPULATION,36,UP,13,false,COUNTER
82533ed2-9efb-434c-8a9b-87f833c5c6b2,2026-04-27T10:31:01.346954+00:00,LONG,-1.44,AMD_SHIFTED,DISTRIBUTION,36,UP,13,false,COUNTER
799cdd00-d0b9-4d71-b62c-66654d5beba0,2026-04-27T11:31:00.589224+00:00,LONG,-0.41,AMD_SHIFTED,DISTRIBUTION,36,UP,13,false,COUNTER
06dc6954-1627-474e-a36b-488aaa454f3c,2026-04-27T11:51:01.246764+00:00,LONG,1.67,AMD_SHIFTED,DISTRIBUTION,36,UP,13,false,COUNTER
10fd2cc4-ba3b-4664-af25-c09c1a57f87f,2026-04-27T12:21:01.684162+00:00,LONG,-0.76,AMD_SHIFTED,DISTRIBUTION,36,UP,13,false,COUNTER
2ddf2590-a573-4683-90ea-c6f760714838,2026-04-27T12:56:01.582188+00:00,LONG,1.73,AMD_SHIFTED,DISTRIBUTION,36,UP,13,false,COUNTER
47153a37-b81e-42d6-87c9-e92616327e77,2026-04-27T13:16:02.360517+00:00,LONG,0.97,AMD_SHIFTED,DISTRIBUTION,36,UP,13,false,COUNTER
46ae191d-baf6-4b6b-9041-1eb4283fc08e,2026-04-27T14:06:02.964221+00:00,LONG,-0.55,AMD_SHIFTED,DISTRIBUTION,36,UP,13,false,COUNTER
e9e33db1-541e-42d3-b712-4cf5061830c1,2026-04-27T14:21:01.444099+00:00,LONG,-1.17,AMD_SHIFTED,DISTRIBUTION,36,UP,13,false,COUNTER
2957f28a-8fa2-470c-b3b6-b216a2817070,2026-04-27T14:51:01.17638+00:00,LONG,-1.66,AMD_SHIFTED,DISTRIBUTION,36,UP,13,false,COUNTER
4bdf52d2-1645-4e8a-a188-1564ef528c48,2026-04-27T22:41:00.913149+00:00,SHORT,-3.76,AMD_SHIFTED,OTHER,36,UP,13,false,ALIGNED
4855d1f4-41f4-410f-be00-86c410aa8f58,2026-04-28T00:51:01.231582+00:00,SHORT,1.64,AMD_COMPRESSION_BREAKOUT,ASIAN_ACCUMULATION,32,DOWN,10,false,COUNTER
c6f7e17f-7a2f-41e0-a9b5-4649df69bdbb,2026-04-28T01:41:00.886945+00:00,SHORT,-2.05,AMD_COMPRESSION_BREAKOUT,ASIAN_ACCUMULATION,32,DOWN,10,false,COUNTER
723456ea-53f8-4f9d-aaa0-71adcf26d0df,2026-04-28T02:21:00.87324+00:00,SHORT,-1.23,AMD_COMPRESSION_BREAKOUT,ASIAN_ACCUMULATION,32,DOWN,10,false,COUNTER
fbed8f25-0cbf-4d99-85a9-f473a6c1dfa4,2026-04-28T02:51:01.120311+00:00,SHORT,-2.04,AMD_COMPRESSION_BREAKOUT,ASIAN_ACCUMULATION,32,DOWN,10,false,COUNTER
de63287a-a00a-430c-87b9-b42621c33b24,2026-04-28T03:21:01.717573+00:00,SHORT,-2.05,AMD_COMPRESSION_BREAKOUT,ASIAN_ACCUMULATION,32,DOWN,10,false,COUNTER
b3bc756e-08d7-4ba7-982f-e2a8061f7e2b,2026-04-28T03:36:00.588441+00:00,LONG,-0.47,AMD_COMPRESSION_BREAKOUT,ASIAN_ACCUMULATION,32,DOWN,10,false,ALIGNED
d0902757-d83a-43e2-9b9a-adf0ad6da8c1,2026-04-28T04:01:00.875376+00:00,LONG,-2.22,AMD_COMPRESSION_BREAKOUT,ASIAN_ACCUMULATION,32,DOWN,10,false,ALIGNED
3c9f2f38-e3a2-4d23-946c-b6f723947270,2026-04-28T04:21:01.049263+00:00,LONG,-2.69,AMD_COMPRESSION_BREAKOUT,ASIAN_ACCUMULATION,32,DOWN,10,false,ALIGNED
65f2b002-7629-4bf8-b49c-d9b3a05013c5,2026-04-28T04:41:01.233221+00:00,LONG,-3.29,AMD_COMPRESSION_BREAKOUT,ASIAN_ACCUMULATION,32,DOWN,10,false,ALIGNED
a98b404b-4ae7-4d45-8446-1d18982861a3,2026-04-28T05:31:00.780906+00:00,LONG,-3.41,AMD_COMPRESSION_BREAKOUT,ASIAN_ACCUMULATION,32,DOWN,10,false,ALIGNED
401d5b27-233b-43a5-ac19-58f1bcf79b40,2026-04-28T06:36:00.971363+00:00,LONG,-2.93,AMD_COMPRESSION_BREAKOUT,ASIAN_ACCUMULATION,32,DOWN,10,false,ALIGNED
8cdfd129-f78c-49c2-b383-10c65f8ae984,2026-04-28T07:11:00.743361+00:00,LONG,-0.86,AMD_COMPRESSION_BREAKOUT,ASIAN_ACCUMULATION,32,DOWN,10,false,ALIGNED
2478a02d-0b4c-468b-8789-77c7ed7f1d14,2026-04-28T07:26:00.719483+00:00,LONG,-1.38,AMD_COMPRESSION_BREAKOUT,ASIAN_ACCUMULATION,32,DOWN,10,false,ALIGNED
b9884cbb-0d37-4921-855f-b6f6a53eaae6,2026-04-28T07:46:00.902845+00:00,LONG,-1.47,AMD_COMPRESSION_BREAKOUT,ASIAN_ACCUMULATION,32,DOWN,10,false,ALIGNED
d03b58b7-75ea-4de5-9bcc-da20378d51d4,2026-04-28T08:01:00.810352+00:00,LONG,-1.71,AMD_COMPRESSION_BREAKOUT,LONDON_MANIPULATION,32,DOWN,10,false,ALIGNED
5c0d960b-ad03-48ca-aebe-c45cec62e40f,2026-04-28T08:36:01.273515+00:00,LONG,-2.25,AMD_COMPRESSION_BREAKOUT,LONDON_MANIPULATION,32,DOWN,10,false,ALIGNED
202cdeb7-c7f7-4dea-b735-7d1129b3108d,2026-04-28T09:01:00.799419+00:00,LONG,-0.58,AMD_COMPRESSION_BREAKOUT,LONDON_MANIPULATION,32,DOWN,10,false,ALIGNED
37469e93-e056-43cc-be78-fd5c838687f1,2026-04-28T09:26:01.388243+00:00,LONG,-2.17,AMD_COMPRESSION_BREAKOUT,LONDON_MANIPULATION,32,DOWN,10,false,ALIGNED
7c39dc18-2860-4524-9b92-2e75dd986672,2026-04-28T09:51:00.756316+00:00,LONG,-2.88,AMD_COMPRESSION_BREAKOUT,LONDON_MANIPULATION,32,DOWN,10,false,ALIGNED
3440cc95-2e1b-484d-80f6-4760c9594b7b,2026-04-28T12:36:00.866609+00:00,LONG,2.05,AMD_COMPRESSION_BREAKOUT,DISTRIBUTION,32,DOWN,10,false,ALIGNED
1714c70e-e6a6-4072-a55c-1785d5ab12a4,2026-04-28T12:51:01.109782+00:00,LONG,0.86,AMD_COMPRESSION_BREAKOUT,DISTRIBUTION,32,DOWN,10,false,ALIGNED
69823dea-33fa-48f6-89d9-7b3f561cfc48,2026-04-28T13:06:00.882194+00:00,LONG,0.84,AMD_COMPRESSION_BREAKOUT,DISTRIBUTION,32,DOWN,10,false,ALIGNED
706c89b6-0196-44c8-af48-160e500a4304,2026-04-28T13:36:02.683324+00:00,LONG,1.54,AMD_COMPRESSION_BREAKOUT,DISTRIBUTION,32,DOWN,10,false,ALIGNED
a425e56e-30f0-4b00-be25-dd74c5be3325,2026-04-28T13:51:01.147732+00:00,LONG,0.77,AMD_COMPRESSION_BREAKOUT,DISTRIBUTION,32,DOWN,10,false,ALIGNED
aef291f4-b598-4be9-a5b5-c368270cefaa,2026-04-28T14:21:05.543499+00:00,LONG,1.69,AMD_COMPRESSION_BREAKOUT,DISTRIBUTION,32,DOWN,10,false,ALIGNED
fab0c21b-3a71-4a0d-a3a0-33cae618f902,2026-04-28T20:11:01.44751+00:00,LONG,0.76,AMD_COMPRESSION_BREAKOUT,NY_CONTINUATION,32,DOWN,10,false,ALIGNED
b649af6b-5c21-4afb-85b2-24028c90d766,2026-04-28T22:11:00.964963+00:00,LONG,-0.87,AMD_COMPRESSION_BREAKOUT,OTHER,32,DOWN,10,false,ALIGNED
f1ed6f16-7084-481e-88f2-af8c835a0199,2026-04-29T02:11:00.6259+00:00,LONG,-5.75,AMD_SHIFTED,ASIAN_ACCUMULATION,35,DOWN,14,false,ALIGNED
f34b8e64-9d66-44b9-b8c3-598d8084ecec,2026-04-29T05:56:00.89391+00:00,SHORT,0.02,AMD_SHIFTED,ASIAN_ACCUMULATION,35,DOWN,14,false,COUNTER
fad5b9f6-573c-46ae-8bc6-5270a6b151cf,2026-04-29T07:16:00.848516+00:00,SHORT,-0.54,AMD_SHIFTED,ASIAN_ACCUMULATION,35,DOWN,14,false,COUNTER
6a86c901-fdaa-413c-8a58-16efd61284db,2026-04-29T07:31:00.858642+00:00,SHORT,2.36,AMD_SHIFTED,ASIAN_ACCUMULATION,35,DOWN,14,false,COUNTER
5400c414-6030-41e3-8b2b-2452f0f2176c,2026-04-29T08:01:00.733494+00:00,SHORT,1.41,AMD_SHIFTED,LONDON_MANIPULATION,35,DOWN,14,false,COUNTER
7d93bdc1-91a1-4869-b99c-8baead21168b,2026-04-29T09:16:00.807721+00:00,SHORT,-0.31,AMD_SHIFTED,LONDON_MANIPULATION,35,DOWN,14,false,COUNTER
2a42992a-640d-4c21-89b8-fb02ebb7b66a,2026-04-29T10:16:00.70114+00:00,SHORT,2.67,AMD_SHIFTED,DISTRIBUTION,35,DOWN,14,false,COUNTER
458a8f05-bdc5-4223-b6fb-e51b58ac498b,2026-04-29T10:41:00.717413+00:00,SHORT,-3,AMD_SHIFTED,DISTRIBUTION,35,DOWN,14,false,COUNTER
8152b21e-96d2-486f-adf9-fe7d80c4cf2a,2026-04-29T11:01:02.623522+00:00,SHORT,5.07,AMD_SHIFTED,DISTRIBUTION,35,DOWN,14,false,COUNTER
ba92f85e-413b-4fbd-9113-a17b5f0f709c,2026-04-29T11:26:00.577959+00:00,SHORT,-3.05,AMD_SHIFTED,DISTRIBUTION,35,DOWN,14,false,COUNTER
868f31be-7ead-4c36-9b71-3ed5e7a512ab,2026-04-29T12:16:01.115424+00:00,SHORT,4.62,AMD_SHIFTED,DISTRIBUTION,35,DOWN,14,false,COUNTER
e0efb886-6abe-4a08-8558-e5a0ce82bfbf,2026-04-29T12:51:01.198776+00:00,SHORT,6.79,AMD_SHIFTED,DISTRIBUTION,35,DOWN,14,false,COUNTER
3c3cff20-ea27-42ed-b7b5-847258a0f9ce,2026-04-29T14:26:00.97414+00:00,SHORT,1.67,AMD_SHIFTED,DISTRIBUTION,35,DOWN,14,false,COUNTER
2b739ae6-9db8-4a62-ac9d-5ef5c44a1bb2,2026-04-29T14:51:01.050802+00:00,SHORT,-2.69,AMD_SHIFTED,DISTRIBUTION,35,DOWN,14,false,COUNTER
e23e7e66-5837-4194-9116-ca7fbe2c91a3,2026-04-29T20:11:01.095503+00:00,SHORT,-1.3,AMD_SHIFTED,NY_CONTINUATION,35,DOWN,14,false,COUNTER
ffd9caaf-7964-4e97-8b57-ee3e9a3f23e4,2026-04-29T20:31:01.331335+00:00,SHORT,-1.44,AMD_SHIFTED,NY_CONTINUATION,35,DOWN,14,false,COUNTER
6be62bcf-7243-4bd2-815a-5f67dc8b8677,2026-04-29T21:41:00.998067+00:00,SHORT,-2.52,AMD_SHIFTED,OTHER,35,DOWN,14,false,COUNTER
54cd5db8-b112-4994-8f38-0aa7ace52aea,2026-04-29T22:31:01.103259+00:00,SHORT,-1.55,AMD_SHIFTED,OTHER,35,DOWN,14,false,COUNTER
435b5269-5655-483e-a134-59719d9d5f3c,2026-04-29T23:16:01.065903+00:00,SHORT,-3.27,AMD_SHIFTED,OTHER,35,DOWN,14,false,COUNTER
a53e5246-abbd-4378-87f8-6410ad7aa8bf,2026-04-30T01:46:01.365916+00:00,LONG,-0.65,AMD_COMPRESSION_BREAKOUT,ASIAN_ACCUMULATION,23,UP,19,false,COUNTER
a7e2ade8-92e9-4d07-9e0b-08632edaa9b5,2026-04-30T02:01:01.712048+00:00,LONG,-1.78,AMD_COMPRESSION_BREAKOUT,ASIAN_ACCUMULATION,23,UP,19,false,COUNTER
e99087ef-2d55-4cb9-8940-de5c333bb0aa,2026-04-30T02:16:01.040227+00:00,LONG,-2.61,AMD_COMPRESSION_BREAKOUT,ASIAN_ACCUMULATION,23,UP,19,false,COUNTER
d0aef20b-9c54-4762-8d9f-9c1c6a0a0eb7,2026-04-30T03:06:01.200145+00:00,LONG,-2.15,AMD_COMPRESSION_BREAKOUT,ASIAN_ACCUMULATION,23,UP,19,false,COUNTER
e07fd6b4-208d-43f1-acec-4a4b0eee927c,2026-04-30T04:51:00.853695+00:00,LONG,-2.52,AMD_COMPRESSION_BREAKOUT,ASIAN_ACCUMULATION,23,UP,19,false,COUNTER
591e1661-fd2d-4086-854c-4be7f457c192,2026-04-30T05:16:00.571599+00:00,LONG,5.74,AMD_COMPRESSION_BREAKOUT,ASIAN_ACCUMULATION,23,UP,19,false,COUNTER
463ddf1c-2306-4fe2-ae94-011e11bea725,2026-04-30T06:31:01.860822+00:00,LONG,3.39,AMD_COMPRESSION_BREAKOUT,ASIAN_ACCUMULATION,23,UP,19,false,COUNTER
847a0a03-740b-4d27-a10b-24603c4c6cb1,2026-04-30T07:06:01.270619+00:00,LONG,2.72,AMD_COMPRESSION_BREAKOUT,ASIAN_ACCUMULATION,23,UP,19,false,COUNTER
83e18a49-686e-4c8a-b079-3eb110866f69,2026-04-30T07:21:00.788209+00:00,LONG,4.39,AMD_COMPRESSION_BREAKOUT,ASIAN_ACCUMULATION,23,UP,19,false,COUNTER
930aac61-ca98-4d94-a1c2-0d072d55a17f,2026-04-30T08:36:00.533226+00:00,LONG,-0.82,AMD_COMPRESSION_BREAKOUT,LONDON_MANIPULATION,23,UP,19,false,COUNTER
89552d91-41f5-4cd2-a7eb-5e3f7ec73e19,2026-04-30T09:16:00.751277+00:00,LONG,3.89,AMD_COMPRESSION_BREAKOUT,LONDON_MANIPULATION,23,UP,19,false,COUNTER
df2edd21-dff3-4699-8fcf-bf5b4acefe91,2026-04-30T10:01:01.027764+00:00,LONG,1.43,AMD_COMPRESSION_BREAKOUT,DISTRIBUTION,23,UP,19,false,COUNTER
bfabe592-62f3-4ce3-8f59-cb8b5e52e726,2026-04-30T10:36:00.789816+00:00,LONG,-0.88,AMD_COMPRESSION_BREAKOUT,DISTRIBUTION,23,UP,19,false,COUNTER
1f6e818e-2bc6-4b08-a230-4505c7a37e69,2026-04-30T11:06:01.027904+00:00,LONG,-1.87,AMD_COMPRESSION_BREAKOUT,DISTRIBUTION,23,UP,19,false,COUNTER
311ef4de-8436-4126-ba9f-3b95d317aaf6,2026-04-30T11:26:00.929785+00:00,LONG,-2.06,AMD_COMPRESSION_BREAKOUT,DISTRIBUTION,23,UP,19,false,COUNTER
4b0662ec-5d32-415a-91f3-50e426e97ba4,2026-04-30T13:36:00.952687+00:00,LONG,4.07,AMD_COMPRESSION_BREAKOUT,DISTRIBUTION,23,UP,19,false,COUNTER
b7568044-82e9-4a4f-b74d-ca7bec1a44bd,2026-04-30T13:56:01.205215+00:00,LONG,2.17,AMD_COMPRESSION_BREAKOUT,DISTRIBUTION,23,UP,19,false,COUNTER
1eb09c12-1331-4e1b-9153-f528b82c4adc,2026-04-30T14:21:00.691259+00:00,LONG,1.75,AMD_COMPRESSION_BREAKOUT,DISTRIBUTION,23,UP,19,false,COUNTER
227a7cc3-f6fa-40a2-936a-33e1fbb08cdb,2026-04-30T14:56:01.176198+00:00,LONG,0.8,AMD_COMPRESSION_BREAKOUT,DISTRIBUTION,23,UP,19,false,COUNTER
82a14195-4976-4fb5-90eb-724b5bab3da4,2026-04-30T21:56:01.313207+00:00,LONG,-0.63,AMD_COMPRESSION_BREAKOUT,OTHER,23,UP,19,false,COUNTER
48364d6d-1851-4142-aac2-1f1ce80c0178,2026-04-30T23:21:01.243478+00:00,LONG,-2.64,AMD_COMPRESSION_BREAKOUT,OTHER,23,UP,19,false,COUNTER
9f6eb7ef-a401-48bb-a9de-eece770e399b,2026-05-01T01:01:01.167437+00:00,SHORT,-0.03,AMD_TEXTBOOK,ASIAN_ACCUMULATION,19,DOWN,13,true,COUNTER
fed0554e-55f7-467f-9a0e-1565023e1fa2,2026-05-01T01:36:01.138962+00:00,SHORT,0.06,AMD_TEXTBOOK,ASIAN_ACCUMULATION,19,DOWN,13,true,COUNTER
c9aadd8e-b1bc-476c-bad8-402f3a343ac3,2026-05-01T02:01:01.836387+00:00,SHORT,-1.04,AMD_TEXTBOOK,ASIAN_ACCUMULATION,19,DOWN,13,true,COUNTER
ae239e4c-f9f3-4602-bb8e-8cdeec1a9e79,2026-05-01T03:06:00.950379+00:00,SHORT,-0.25,AMD_TEXTBOOK,ASIAN_ACCUMULATION,19,DOWN,13,true,COUNTER
4e185d6c-13ac-4eab-a418-6cf68d5509eb,2026-05-01T03:21:00.836689+00:00,SHORT,0.64,AMD_TEXTBOOK,ASIAN_ACCUMULATION,19,DOWN,13,true,COUNTER
5b86aead-7e52-4efe-8aae-5ee2c7fc8d9d,2026-05-01T05:36:00.989152+00:00,SHORT,-1.56,AMD_TEXTBOOK,ASIAN_ACCUMULATION,19,DOWN,13,true,COUNTER
872987f9-a3ac-4a17-b58b-6e36fc03d5d4,2026-05-01T07:21:01.160998+00:00,SHORT,2.74,AMD_TEXTBOOK,ASIAN_ACCUMULATION,19,DOWN,13,true,COUNTER
30791258-840c-4b19-8271-e52bf3595382,2026-05-01T08:31:01.160927+00:00,SHORT,-0.38,AMD_TEXTBOOK,LONDON_MANIPULATION,19,DOWN,13,true,COUNTER
6faf9723-f441-4897-ba49-53aa4aa80ef1,2026-05-01T09:46:00.969332+00:00,SHORT,-1.24,AMD_TEXTBOOK,LONDON_MANIPULATION,19,DOWN,13,true,COUNTER
41874963-d50d-48bf-91fa-4e4c9b67e799,2026-05-01T10:16:00.578939+00:00,SHORT,-2.94,AMD_TEXTBOOK,DISTRIBUTION,19,DOWN,13,true,COUNTER
e40ebdd9-05dd-4684-93a9-37f0baf53405,2026-05-01T11:16:01.482532+00:00,SHORT,-2.09,AMD_TEXTBOOK,DISTRIBUTION,19,DOWN,13,true,COUNTER
127fd55f-fbc4-4544-86c9-07799e79ec6f,2026-05-01T13:16:00.78881+00:00,SHORT,-5.53,AMD_TEXTBOOK,DISTRIBUTION,19,DOWN,13,true,COUNTER
1a8842bc-ff45-44a4-8272-5bf6ef13df8e,2026-05-01T14:21:00.806125+00:00,LONG,-0.3,AMD_TEXTBOOK,DISTRIBUTION,19,DOWN,13,true,ALIGNED
e09bea7a-70a7-45ea-b487-7a134cee4ee3,2026-05-03T22:11:01.582325+00:00,SHORT,1.85,INSUFFICIENT_DATA,OTHER,,,,,UNKNOWN
c93f116b-b7c0-46e3-80d9-ff2e6fbfbff5,2026-05-03T22:46:01.014274+00:00,SHORT,1.47,INSUFFICIENT_DATA,OTHER,,,,,UNKNOWN
2f55653d-ae82-469a-a582-b09711cea6d7,2026-05-04T00:41:00.775582+00:00,SHORT,0.32,AMD_SHIFTED,ASIAN_ACCUMULATION,29,UP,9,true,ALIGNED
f0762b77-cfc7-4874-a337-29a619efa90a,2026-05-04T01:46:01.962381+00:00,SHORT,2.61,AMD_SHIFTED,ASIAN_ACCUMULATION,29,UP,9,true,ALIGNED
89d0f176-54c2-4d9d-bb54-9ea9771bfb70,2026-05-04T02:06:01.062026+00:00,SHORT,-1.04,AMD_SHIFTED,ASIAN_ACCUMULATION,29,UP,9,true,ALIGNED
6f44592e-cb4f-4da6-af38-9cadfe328766,2026-05-04T02:41:01.104873+00:00,SHORT,-3.79,AMD_SHIFTED,ASIAN_ACCUMULATION,29,UP,9,true,ALIGNED
70409d8f-7637-4aba-a25f-82de6203b630,2026-05-04T05:51:00.42363+00:00,SHORT,3.04,AMD_SHIFTED,ASIAN_ACCUMULATION,29,UP,9,true,ALIGNED
8b105296-5c21-4ca3-95fd-a0c3f6e1f74c,2026-05-04T06:21:01.706826+00:00,SHORT,3.62,AMD_SHIFTED,ASIAN_ACCUMULATION,29,UP,9,true,ALIGNED
c0406cc5-6afe-48a7-b022-69defbf38086,2026-05-04T07:26:00.436383+00:00,SHORT,-1.71,AMD_SHIFTED,ASIAN_ACCUMULATION,29,UP,9,true,ALIGNED
9cbebacb-2051-4145-a293-7bf82912d4a7,2026-05-04T08:36:00.788105+00:00,SHORT,0.89,AMD_SHIFTED,LONDON_MANIPULATION,29,UP,9,true,ALIGNED
25124423-df94-4ff9-a4a5-6dc1b778295f,2026-05-04T09:31:00.87093+00:00,SHORT,5.65,AMD_SHIFTED,LONDON_MANIPULATION,29,UP,9,true,ALIGNED
4db71d52-7b11-4f8a-9b33-11ea21f572d4,2026-05-04T09:46:00.983266+00:00,SHORT,6.74,AMD_SHIFTED,LONDON_MANIPULATION,29,UP,9,true,ALIGNED
1a7259a6-7a83-48bd-a367-bd83bd0b1b05,2026-05-04T10:41:00.831005+00:00,SHORT,1.04,AMD_SHIFTED,DISTRIBUTION,29,UP,9,true,ALIGNED
607a0463-ba0c-48d6-b048-e9f57777f747,2026-05-04T12:06:00.869247+00:00,SHORT,-2.07,AMD_SHIFTED,DISTRIBUTION,29,UP,9,true,ALIGNED
b2b0ba41-b5fa-45b2-a328-b8f5ec187227,2026-05-04T12:26:00.892298+00:00,SHORT,2.23,AMD_SHIFTED,DISTRIBUTION,29,UP,9,true,ALIGNED
dfecd4fa-0b39-43f5-9f66-97dcc9a8fefa,2026-05-04T13:41:01.563456+00:00,SHORT,2,AMD_SHIFTED,DISTRIBUTION,29,UP,9,true,ALIGNED
98a8efb4-7f01-4b75-9222-edd7acd99ad8,2026-05-04T14:21:01.128641+00:00,SHORT,1.68,AMD_SHIFTED,DISTRIBUTION,29,UP,9,true,ALIGNED
7be4b5c1-b53b-4fe4-b3cd-ef5c5c04dcf8,2026-05-04T20:06:02.356356+00:00,SHORT,-0.75,AMD_SHIFTED,NY_CONTINUATION,29,UP,9,true,ALIGNED
322d6d8e-07b3-4ade-8f17-2d8429faf232,2026-05-04T20:51:01.558401+00:00,SHORT,2.32,AMD_SHIFTED,NY_CONTINUATION,29,UP,9,true,ALIGNED
0b33ee75-44f6-4e31-ac40-d0c21e9fcb5e,2026-05-05T00:56:01.029746+00:00,LONG,-0.52,AMD_SHIFTED,ASIAN_ACCUMULATION,36,UP,12,false,COUNTER
3014def0-3233-4857-8594-de59f7789bcd,2026-05-05T01:41:01.060396+00:00,LONG,0.05,AMD_SHIFTED,ASIAN_ACCUMULATION,36,UP,12,false,COUNTER
4542b81b-6609-4d86-b783-1772ac54fcad,2026-05-05T02:06:01.239039+00:00,LONG,-0.69,AMD_SHIFTED,ASIAN_ACCUMULATION,36,UP,12,false,COUNTER
9bff20fe-edb1-4342-a448-5aa9ecc8f6db,2026-05-05T06:11:01.891777+00:00,SHORT,-1.32,AMD_SHIFTED,ASIAN_ACCUMULATION,36,UP,12,false,ALIGNED
9cf1160c-6c40-4710-9daf-859d45713087,2026-05-05T06:41:01.025778+00:00,SHORT,-2.33,AMD_SHIFTED,ASIAN_ACCUMULATION,36,UP,12,false,ALIGNED
fdf64c71-894e-4e82-b7f9-9d08247cc43c,2026-05-05T07:11:00.759304+00:00,SHORT,-2.28,AMD_SHIFTED,ASIAN_ACCUMULATION,36,UP,12,false,ALIGNED
8b00b884-a067-48fb-bd22-0c5c13fa6bbe,2026-05-05T07:46:01.221562+00:00,SHORT,-0.27,AMD_SHIFTED,ASIAN_ACCUMULATION,36,UP,12,false,ALIGNED
36219864-18f8-4cf3-bd94-a30a8cdcc7ad,2026-05-05T08:21:00.583242+00:00,SHORT,-1.14,AMD_SHIFTED,LONDON_MANIPULATION,36,UP,12,false,ALIGNED
25486572-020e-4aee-adba-bd4a62d8c240,2026-05-05T08:51:01.024153+00:00,SHORT,-1.39,AMD_SHIFTED,LONDON_MANIPULATION,36,UP,12,false,ALIGNED
1d96428e-c30b-47a8-98ac-834df93f2a4b,2026-05-05T10:41:00.752779+00:00,LONG,2.28,AMD_SHIFTED,DISTRIBUTION,36,UP,12,false,COUNTER
5e6a8ea6-ab63-41c5-9f25-5e71142bca3c,2026-05-05T11:36:00.863677+00:00,LONG,1.32,AMD_SHIFTED,DISTRIBUTION,36,UP,12,false,COUNTER
3b861431-a074-45f4-847f-07a0d9c1dc36,2026-05-05T11:56:00.826969+00:00,LONG,2.64,AMD_SHIFTED,DISTRIBUTION,36,UP,12,false,COUNTER
f4fbee94-3a19-4288-8709-5193d33b6d6c,2026-05-05T12:21:01.044183+00:00,LONG,1.02,AMD_SHIFTED,DISTRIBUTION,36,UP,12,false,COUNTER
20517550-dc31-497c-8286-364a4f29b5c9,2026-05-05T13:01:01.215645+00:00,LONG,2.28,AMD_SHIFTED,DISTRIBUTION,36,UP,12,false,COUNTER
6c984759-c783-44fc-bfb5-b91849743c8a,2026-05-05T13:21:01.06953+00:00,LONG,0.54,AMD_SHIFTED,DISTRIBUTION,36,UP,12,false,COUNTER
8f199d98-31d4-40c7-9062-abaaa3af8820,2026-05-05T13:56:00.934347+00:00,LONG,-1.83,AMD_SHIFTED,DISTRIBUTION,36,UP,12,false,COUNTER
6f0c32fc-4252-4bea-982d-e0b414313d4e,2026-05-05T14:51:00.877247+00:00,LONG,1.74,AMD_SHIFTED,DISTRIBUTION,36,UP,12,false,COUNTER
c120c253-757f-4fd1-8c9f-f7801293f36c,2026-05-05T23:21:01.292821+00:00,LONG,1.96,AMD_SHIFTED,OTHER,36,UP,12,false,COUNTER
5a1c4efb-074e-4c87-bcb4-fea6789edefc,2026-05-05T23:41:00.7588+00:00,LONG,4.03,AMD_SHIFTED,OTHER,36,UP,12,false,COUNTER
c1e5c481-0102-4600-b45f-007ce069ad4e,2026-05-06T00:31:01.366414+00:00,LONG,1.96,AMD_SHIFTED,ASIAN_ACCUMULATION,48,UP,26,true,COUNTER
3e2318b3-520a-40cf-8012-272964a51752,2026-05-06T00:51:00.960327+00:00,LONG,3.89,AMD_SHIFTED,ASIAN_ACCUMULATION,48,UP,26,true,COUNTER
c4f9b4cc-340a-48c1-be13-b6dcf73aa669,2026-05-06T06:56:00.558609+00:00,LONG,-2.58,AMD_SHIFTED,ASIAN_ACCUMULATION,48,UP,26,true,COUNTER
416cf04f-7957-4b99-8a18-6d1723247002,2026-05-06T07:51:00.943336+00:00,LONG,-1.39,AMD_SHIFTED,ASIAN_ACCUMULATION,48,UP,26,true,COUNTER
6a4ef2d6-55d7-4477-918a-a49f9e30eae4,2026-05-06T08:06:00.946593+00:00,LONG,-1.83,AMD_SHIFTED,LONDON_MANIPULATION,48,UP,26,true,COUNTER
7b4f575e-4a49-4820-8046-e2d5661a77b7,2026-05-06T12:01:00.892936+00:00,LONG,-3.1,AMD_SHIFTED,DISTRIBUTION,48,UP,26,true,COUNTER
a787bf10-3cf4-4373-8a22-c5a1af4cd906,2026-05-06T13:41:03.419271+00:00,SHORT,-2.15,AMD_SHIFTED,DISTRIBUTION,48,UP,26,true,ALIGNED
1b8ab58a-47a4-4b42-86cb-d0210ef75d68,2026-05-06T14:16:02.335204+00:00,SHORT,-1.58,AMD_SHIFTED,DISTRIBUTION,48,UP,26,true,ALIGNED
0e50ad46-9105-49c6-a1e6-6c3e1a88e539,2026-05-07T01:06:01.565572+00:00,LONG,3,AMD_COMPRESSION_BREAKOUT,ASIAN_ACCUMULATION,32,DOWN,8,false,ALIGNED
a9f0a38e-e179-4d63-9af3-be3662e9940c,2026-05-07T01:26:00.884779+00:00,LONG,3,AMD_COMPRESSION_BREAKOUT,ASIAN_ACCUMULATION,32,DOWN,8,false,ALIGNED
0cade01c-3ed5-4358-949f-fb4726f81c98,2026-05-07T01:46:01.534015+00:00,LONG,1.97,AMD_COMPRESSION_BREAKOUT,ASIAN_ACCUMULATION,32,DOWN,8,false,ALIGNED
d1a2516d-b8df-4343-9163-1f2eaa85f9ee,2026-05-07T10:16:00.961531+00:00,LONG,-2.5,AMD_COMPRESSION_BREAKOUT,DISTRIBUTION,32,DOWN,8,false,ALIGNED
48c8da01-c28d-4b88-af33-0fe255515f2d,2026-05-07T11:31:01.563403+00:00,SHORT,1.97,AMD_COMPRESSION_BREAKOUT,DISTRIBUTION,32,DOWN,8,false,COUNTER
f55bbfa4-af73-4003-81fd-0c2460f33859,2026-05-07T12:01:01.576674+00:00,SHORT,2.3,AMD_COMPRESSION_BREAKOUT,DISTRIBUTION,32,DOWN,8,false,COUNTER
9c439760-c3fb-4aa3-9770-2f6f242ccf75,2026-05-07T12:46:01.340627+00:00,SHORT,1,AMD_COMPRESSION_BREAKOUT,DISTRIBUTION,32,DOWN,8,false,COUNTER
545feb0b-05bb-4512-81bc-7c4081c07d0b,2026-05-07T13:26:01.327531+00:00,LONG,-2.04,AMD_COMPRESSION_BREAKOUT,DISTRIBUTION,32,DOWN,8,false,ALIGNED
6d20265b-f184-4349-8fc0-9d13e4620ce6,2026-05-07T20:56:00.874328+00:00,SHORT,-0.63,AMD_COMPRESSION_BREAKOUT,NY_CONTINUATION,32,DOWN,8,false,COUNTER
042bee17-5568-40fd-98b5-fc5dbcb6184a,2026-05-07T21:56:01.073644+00:00,SHORT,-2.12,AMD_COMPRESSION_BREAKOUT,OTHER,32,DOWN,8,false,COUNTER
cf5a7440-a6d1-4a31-ac2c-e1dbec0b31c1,2026-05-07T22:31:01.132732+00:00,SHORT,-1.72,AMD_COMPRESSION_BREAKOUT,OTHER,32,DOWN,8,false,COUNTER
30b530fb-8069-45a5-aba3-c0e65fa1cc62,2026-05-07T23:16:00.876318+00:00,SHORT,-2.42,AMD_COMPRESSION_BREAKOUT,OTHER,32,DOWN,8,false,COUNTER
f913ebc2-1c80-4118-bc2d-9e1f980d38b6,2026-05-08T00:41:01.613477+00:00,SHORT,-1.95,AMD_COMPRESSION_BREAKOUT,ASIAN_ACCUMULATION,31,UP,17,false,ALIGNED
1120d453-96d2-4749-9a31-8037dea0d2cd,2026-05-08T02:11:00.806585+00:00,LONG,3.24,AMD_COMPRESSION_BREAKOUT,ASIAN_ACCUMULATION,31,UP,17,false,COUNTER
f7d937ef-9557-4f4b-a797-9a6ec04b3a1e,2026-05-08T02:56:01.184319+00:00,LONG,2.79,AMD_COMPRESSION_BREAKOUT,ASIAN_ACCUMULATION,31,UP,17,false,COUNTER
0987025d-4b4b-4566-930f-f9c2d4757023,2026-05-08T03:16:00.847761+00:00,LONG,2.74,AMD_COMPRESSION_BREAKOUT,ASIAN_ACCUMULATION,31,UP,17,false,COUNTER
fa143961-afaa-4603-8efe-3571079bbd74,2026-05-08T03:31:00.953678+00:00,LONG,3.42,AMD_COMPRESSION_BREAKOUT,ASIAN_ACCUMULATION,31,UP,17,false,COUNTER
8ffbf7c0-d0ab-4ac7-a0f0-c7da7a8181e3,2026-05-08T04:26:00.834915+00:00,LONG,3.52,AMD_COMPRESSION_BREAKOUT,ASIAN_ACCUMULATION,31,UP,17,false,COUNTER
a695164a-c79a-4003-a607-69936b40dd20,2026-05-08T04:51:00.764067+00:00,LONG,2.45,AMD_COMPRESSION_BREAKOUT,ASIAN_ACCUMULATION,31,UP,17,false,COUNTER
71060477-4f88-4f1b-a7a6-9a5acf03195f,2026-05-08T06:11:02.046062+00:00,LONG,2.35,AMD_COMPRESSION_BREAKOUT,ASIAN_ACCUMULATION,31,UP,17,false,COUNTER
b4810824-d74e-4bde-a41f-60775f599f07,2026-05-08T06:31:01.165273+00:00,LONG,1.52,AMD_COMPRESSION_BREAKOUT,ASIAN_ACCUMULATION,31,UP,17,false,COUNTER
42951148-ccf2-450e-96be-ccff133767f4,2026-05-08T08:31:00.806417+00:00,LONG,1.21,AMD_COMPRESSION_BREAKOUT,LONDON_MANIPULATION,31,UP,17,false,COUNTER
b082c66a-8f43-46f2-b2d3-b9287af0efdf,2026-05-08T08:46:01.215325+00:00,LONG,-0.74,AMD_COMPRESSION_BREAKOUT,LONDON_MANIPULATION,31,UP,17,false,COUNTER
1dcb7d52-011d-4cc5-86a5-49148e9d2bdb,2026-05-08T13:26:01.145534+00:00,LONG,0.24,AMD_COMPRESSION_BREAKOUT,DISTRIBUTION,31,UP,17,false,COUNTER
97718fae-389a-4705-b048-4db995272624,2026-05-08T14:26:01.015771+00:00,LONG,0.4,AMD_COMPRESSION_BREAKOUT,DISTRIBUTION,31,UP,17,false,COUNTER
41a896cf-02a8-4055-9182-b2f4468a3865,2026-05-08T14:46:01.237339+00:00,LONG,1,AMD_COMPRESSION_BREAKOUT,DISTRIBUTION,31,UP,17,false,COUNTER
adf7d0d6-8250-4083-bee4-3dc062e04c61,2026-05-11T14:26:01.251579+00:00,LONG,-1.48,AMD_COMPRESSION_BREAKOUT,DISTRIBUTION,17,UP,7,false,COUNTER
af36b665-765c-4aa9-af42-c46f009a2179,2026-05-11T14:51:01.946238+00:00,LONG,-1.62,AMD_COMPRESSION_BREAKOUT,DISTRIBUTION,17,UP,7,false,COUNTER
ece753c5-f22d-4241-8980-d2add1211586,2026-05-11T18:11:01.359565+00:00,LONG,-2.52,AMD_COMPRESSION_BREAKOUT,NY_CONTINUATION,17,UP,7,false,COUNTER
99307251-f9c2-4eba-b3b5-c9a24dbdea79,2026-05-12T01:16:01.308653+00:00,SHORT,0.82,AMD_SHIFTED,ASIAN_ACCUMULATION,37,UP,8,false,ALIGNED
fd16805d-27c4-4691-8053-0f8ae3096e64,2026-05-12T01:56:01.035572+00:00,SHORT,1.4,AMD_SHIFTED,ASIAN_ACCUMULATION,37,UP,8,false,ALIGNED
9f4e92d6-947c-48c0-9f6f-da58d483dd6f,2026-05-12T02:16:01.239398+00:00,SHORT,-1.61,AMD_SHIFTED,ASIAN_ACCUMULATION,37,UP,8,false,ALIGNED
3b3bb916-877c-4a0f-a43a-ed382e7957ef,2026-05-12T02:56:01.137363+00:00,SHORT,2.76,AMD_SHIFTED,ASIAN_ACCUMULATION,37,UP,8,false,ALIGNED
8330296b-42a5-4423-85c6-ea9926fc66fd,2026-05-12T03:46:00.999871+00:00,SHORT,-2.3,AMD_SHIFTED,ASIAN_ACCUMULATION,37,UP,8,false,ALIGNED
1b32faaf-80e7-4d9f-907d-3ce2b26238cc,2026-05-12T04:21:01.407511+00:00,SHORT,4.1,AMD_SHIFTED,ASIAN_ACCUMULATION,37,UP,8,false,ALIGNED
4c8366c2-f434-4ed9-9f38-8efe2da33377,2026-05-12T12:51:00.914922+00:00,LONG,-1.92,AMD_SHIFTED,DISTRIBUTION,37,UP,8,false,COUNTER
674eede1-0690-4196-b1ca-d64ad04411bf,2026-05-12T13:31:01.212587+00:00,LONG,-2.04,AMD_SHIFTED,DISTRIBUTION,37,UP,8,false,COUNTER
09eb8a6a-8f5d-4679-9335-4a742af0337e,2026-05-12T14:21:01.009051+00:00,LONG,-1.58,AMD_SHIFTED,DISTRIBUTION,37,UP,8,false,COUNTER
dbbeabfe-6bd4-4c0a-a2ee-0fd55067fa22,2026-05-12T14:51:01.061213+00:00,LONG,-1.09,AMD_SHIFTED,DISTRIBUTION,37,UP,8,false,COUNTER
7fc3dd98-1f8b-4ff7-9c2f-f206dbc16c4c,2026-05-12T16:21:01.474664+00:00,LONG,-2.92,AMD_SHIFTED,DISTRIBUTION,37,UP,8,false,COUNTER
b1069d74-93bc-40c3-a48a-645cf6942cf8,2026-05-12T18:01:01.034316+00:00,LONG,1.72,AMD_SHIFTED,NY_CONTINUATION,37,UP,8,false,COUNTER
235b248e-944b-4ba6-b367-a9f445ecc69b,2026-05-12T18:21:01.488483+00:00,LONG,1.57,AMD_SHIFTED,NY_CONTINUATION,37,UP,8,false,COUNTER
515386ce-6b99-4f62-95c7-a9a0e7c7a5fe,2026-05-12T18:41:00.80927+00:00,LONG,0.44,AMD_SHIFTED,NY_CONTINUATION,37,UP,8,false,COUNTER
5c97b74e-1b31-4272-8e4c-fa3eca7e10aa,2026-05-12T19:41:00.809068+00:00,LONG,-1.88,AMD_SHIFTED,NY_CONTINUATION,37,UP,8,false,COUNTER
fe16cee7-e450-47cf-9dad-68b6bcd1624b,2026-05-13T01:06:01.085143+00:00,SHORT,-3.8,AMD_COMPRESSION_BREAKOUT,ASIAN_ACCUMULATION,17,UP,11,false,ALIGNED
b83d1394-c940-4d82-8fe1-9b5e18af705c,2026-05-13T01:36:00.986943+00:00,SHORT,-0.25,AMD_COMPRESSION_BREAKOUT,ASIAN_ACCUMULATION,17,UP,11,false,ALIGNED
ac193ac6-eac2-4371-8f0f-e95be1f5b32c,2026-05-13T03:21:01.290244+00:00,SHORT,-3.4,AMD_COMPRESSION_BREAKOUT,ASIAN_ACCUMULATION,17,UP,11,false,ALIGNED
2da19855-01ac-449d-b652-bf82a3de2578,2026-05-13T03:41:03.3585+00:00,SHORT,-0.59,AMD_COMPRESSION_BREAKOUT,ASIAN_ACCUMULATION,17,UP,11,false,ALIGNED
ffa6c721-866b-4d0f-8e9e-c1d73da57cbd,2026-05-13T04:56:00.872405+00:00,SHORT,-3.21,AMD_COMPRESSION_BREAKOUT,ASIAN_ACCUMULATION,17,UP,11,false,ALIGNED
918c97f3-625f-4724-87f7-83e3c78e648b,2026-05-13T05:11:01.056499+00:00,SHORT,-3.36,AMD_COMPRESSION_BREAKOUT,ASIAN_ACCUMULATION,17,UP,11,false,ALIGNED
b7d4cb5f-52fb-4ad8-9f7f-c3252103d4e4,2026-05-13T05:36:01.455226+00:00,SHORT,-3.25,AMD_COMPRESSION_BREAKOUT,ASIAN_ACCUMULATION,17,UP,11,false,ALIGNED
08a6e23f-5e11-42a1-a060-a8388ea13a50,2026-05-13T06:46:01.221307+00:00,SHORT,-3.64,AMD_COMPRESSION_BREAKOUT,ASIAN_ACCUMULATION,17,UP,11,false,ALIGNED
e713a8d5-0b9b-4c6c-9aa0-c412040aaf2e,2026-05-13T07:11:00.738929+00:00,SHORT,-3.24,AMD_COMPRESSION_BREAKOUT,ASIAN_ACCUMULATION,17,UP,11,false,ALIGNED
0471ff4a-18f5-4957-8cde-a4b42a2cd23f,2026-05-13T09:46:01.452073+00:00,SHORT,-3.27,AMD_COMPRESSION_BREAKOUT,LONDON_MANIPULATION,17,UP,11,false,ALIGNED
dd53c496-a11b-47c2-b57a-5ad096716880,2026-05-13T11:41:01.135853+00:00,LONG,2.48,AMD_COMPRESSION_BREAKOUT,DISTRIBUTION,17,UP,11,false,COUNTER
5e668128-1480-487a-94de-af20d93b4df1,2026-05-13T12:11:01.463002+00:00,LONG,-3.46,AMD_COMPRESSION_BREAKOUT,DISTRIBUTION,17,UP,11,false,COUNTER
fd75f4e9-ee40-4af1-a529-e508d500f32e,2026-05-13T13:11:01.156003+00:00,LONG,4.26,AMD_COMPRESSION_BREAKOUT,DISTRIBUTION,17,UP,11,false,COUNTER
1c3f4b44-d133-46a5-82f4-9b87c2d5dfd4,2026-05-13T14:06:02.625333+00:00,LONG,1.52,AMD_COMPRESSION_BREAKOUT,DISTRIBUTION,17,UP,11,false,COUNTER
e55d6d79-d25a-4810-8c68-aa14e9108036,2026-05-13T14:36:00.921885+00:00,LONG,-0.06,AMD_COMPRESSION_BREAKOUT,DISTRIBUTION,17,UP,11,false,COUNTER
d753169a-a1eb-4bc0-9dfd-1dfd30de7cd6,2026-05-13T15:01:00.766146+00:00,LONG,0.21,AMD_COMPRESSION_BREAKOUT,DISTRIBUTION,17,UP,11,false,COUNTER
dff6fe18-0b1d-4836-8224-df2b0879b967,2026-05-13T15:31:01.40511+00:00,LONG,-1.36,AMD_COMPRESSION_BREAKOUT,DISTRIBUTION,17,UP,11,false,COUNTER
dfd2a9dd-2cf0-4c81-a4fb-71aa4fe1a623,2026-05-13T16:11:00.890396+00:00,LONG,-3.14,AMD_COMPRESSION_BREAKOUT,DISTRIBUTION,17,UP,11,false,COUNTER
5c829ac3-122f-410e-9259-87021d0c6a6b,2026-05-13T17:16:00.903573+00:00,LONG,-3.68,AMD_COMPRESSION_BREAKOUT,NY_CONTINUATION,17,UP,11,false,COUNTER
d5bc3e27-fca9-4566-8d50-146ff4e2925e,2026-05-13T22:06:01.118137+00:00,LONG,-3.19,AMD_COMPRESSION_BREAKOUT,OTHER,17,UP,11,false,COUNTER
28a959c6-4015-43ea-8481-20ebba499cd0,2026-05-13T22:26:01.017575+00:00,LONG,-3.38,AMD_COMPRESSION_BREAKOUT,OTHER,17,UP,11,false,COUNTER
f3417d96-4e64-4ff1-a659-e0edf04c3828,2026-05-14T00:01:01.008648+00:00,LONG,-3.33,AMD_TEXTBOOK,ASIAN_ACCUMULATION,24,UP,12,true,COUNTER
acfab87e-787d-45f7-aa69-8ae213b76e81,2026-05-14T00:36:01.90779+00:00,LONG,-3.3,AMD_TEXTBOOK,ASIAN_ACCUMULATION,24,UP,12,true,COUNTER
7be8c2c2-cbea-420b-8cd8-4be2bbf0b360,2026-05-14T01:31:01.031306+00:00,LONG,-0.67,AMD_TEXTBOOK,ASIAN_ACCUMULATION,24,UP,12,true,COUNTER
9e76eea8-c2fe-4940-8531-5b43db4ce317,2026-05-14T02:36:01.315696+00:00,SHORT,-0.37,AMD_TEXTBOOK,ASIAN_ACCUMULATION,24,UP,12,true,ALIGNED
6cef7c01-6f51-4698-929a-de32349b8fe2,2026-05-14T03:06:01.200187+00:00,SHORT,-3.26,AMD_TEXTBOOK,ASIAN_ACCUMULATION,24,UP,12,true,ALIGNED
90680e31-44fe-422e-ae0c-6b34733d85f4,2026-05-14T03:56:01.291396+00:00,SHORT,-3.36,AMD_TEXTBOOK,ASIAN_ACCUMULATION,24,UP,12,true,ALIGNED
00374d9e-7cce-47f2-8322-4b1833a535ec,2026-05-14T04:16:00.979779+00:00,SHORT,1.19,AMD_TEXTBOOK,ASIAN_ACCUMULATION,24,UP,12,true,ALIGNED
e4d1aee6-1d09-432b-9c7f-d7e997cc056c,2026-05-14T04:41:00.772804+00:00,SHORT,4.17,AMD_TEXTBOOK,ASIAN_ACCUMULATION,24,UP,12,true,ALIGNED
e16db2c3-cf05-45f4-b5b1-ef3bd0e4e110,2026-05-14T05:26:01.002044+00:00,SHORT,3.22,AMD_TEXTBOOK,ASIAN_ACCUMULATION,24,UP,12,true,ALIGNED
2c00d8b8-aab0-4a11-8920-a1fcdb7ace03,2026-05-14T05:56:00.764155+00:00,SHORT,0.18,AMD_TEXTBOOK,ASIAN_ACCUMULATION,24,UP,12,true,ALIGNED
504f16c7-4a61-4e3b-ba36-f8d9a8c60429,2026-05-14T06:36:01.284191+00:00,SHORT,3,AMD_TEXTBOOK,ASIAN_ACCUMULATION,24,UP,12,true,ALIGNED
a458adfa-6845-41f0-9f4a-5314876492fc,2026-05-14T06:56:01.034166+00:00,SHORT,3.03,AMD_TEXTBOOK,ASIAN_ACCUMULATION,24,UP,12,true,ALIGNED
4e9a8906-65e7-42e3-8339-11a3d6771d50,2026-05-14T07:36:01.064444+00:00,SHORT,1.23,AMD_TEXTBOOK,ASIAN_ACCUMULATION,24,UP,12,true,ALIGNED
de44f840-1f54-44ab-aa9e-f5de462a396b,2026-05-14T08:21:00.532621+00:00,SHORT,1.93,AMD_TEXTBOOK,LONDON_MANIPULATION,24,UP,12,true,ALIGNED
08f7184f-756b-4e85-8797-ec7fc649f058,2026-05-14T08:36:01.227847+00:00,SHORT,1.48,AMD_TEXTBOOK,LONDON_MANIPULATION,24,UP,12,true,ALIGNED
b7ace5d1-43ac-45d5-b14a-a922f1a6bc6f,2026-05-14T08:56:01.141994+00:00,SHORT,3.46,AMD_TEXTBOOK,LONDON_MANIPULATION,24,UP,12,true,ALIGNED
4d6536c6-46bb-4181-8241-69e51930ecea,2026-05-14T09:56:01.152272+00:00,SHORT,4,AMD_TEXTBOOK,LONDON_MANIPULATION,24,UP,12,true,ALIGNED
b31c36ac-fe1c-4839-b66f-8f965c46b2e5,2026-05-14T11:01:00.89733+00:00,SHORT,3.65,AMD_TEXTBOOK,DISTRIBUTION,24,UP,12,true,ALIGNED
d58de836-9044-4360-9ec8-f0d0e628821a,2026-05-14T11:21:01.32701+00:00,SHORT,2.09,AMD_TEXTBOOK,DISTRIBUTION,24,UP,12,true,ALIGNED
1efb5363-87b5-446f-bd95-6161f678cc9a,2026-05-14T14:21:01.122551+00:00,SHORT,1.29,AMD_TEXTBOOK,DISTRIBUTION,24,UP,12,true,ALIGNED
68ee03af-72a4-4875-bb0c-f05c530f780e,2026-05-14T15:21:01.793999+00:00,SHORT,0.17,AMD_TEXTBOOK,DISTRIBUTION,24,UP,12,true,ALIGNED
1c3c5804-6262-4dce-8177-b24c2f0e55c9,2026-05-14T16:46:01.407952+00:00,SHORT,-3.76,AMD_TEXTBOOK,DISTRIBUTION,24,UP,12,true,ALIGNED
a4f2e6b6-bf0f-457a-9fdc-c6eec1ab0aec,2026-05-14T17:01:01.704453+00:00,SHORT,0.09,AMD_TEXTBOOK,NY_CONTINUATION,24,UP,12,true,ALIGNED
1be35e52-5e0e-4e10-b676-caba44171d7a,2026-05-14T17:36:01.239337+00:00,SHORT,0.56,AMD_TEXTBOOK,NY_CONTINUATION,24,UP,12,true,ALIGNED
71326ed6-32dd-4bc4-b3c8-2ae4b5d1b871,2026-05-14T23:36:00.965661+00:00,LONG,-3.37,AMD_TEXTBOOK,OTHER,24,UP,12,true,COUNTER
4e2453aa-3284-4129-a825-263fab229d5d,2026-05-15T01:46:00.696759+00:00,LONG,-3.12,AMD_NONE,ASIAN_ACCUMULATION,62,DOWN,28,false,ALIGNED
099c4cfa-72e7-4af3-9d84-ff0529caa3c6,2026-05-15T02:16:01.511037+00:00,LONG,1.55,AMD_NONE,ASIAN_ACCUMULATION,62,DOWN,28,false,ALIGNED
8ac69191-7ae5-4cdf-89bc-a7f01b6140d3,2026-05-15T02:46:01.216314+00:00,LONG,-3.12,AMD_NONE,ASIAN_ACCUMULATION,62,DOWN,28,false,ALIGNED
410fed25-bcc3-425e-87e5-cd14a80414d8,2026-05-15T03:46:01.189295+00:00,LONG,-3.39,AMD_NONE,ASIAN_ACCUMULATION,62,DOWN,28,false,ALIGNED
85743bd8-118d-4d4d-9aaf-f2ff2fffae67,2026-05-15T05:31:01.372178+00:00,LONG,-3.42,AMD_NONE,ASIAN_ACCUMULATION,62,DOWN,28,false,ALIGNED
acc89c02-f2ee-4b5e-8a6a-1b53973aae60,2026-05-15T06:16:01.076996+00:00,LONG,0.74,AMD_NONE,ASIAN_ACCUMULATION,62,DOWN,28,false,ALIGNED
7e5f20ad-e8a4-45a3-8154-2b27f43df68a,2026-05-15T06:41:00.829423+00:00,LONG,0.25,AMD_NONE,ASIAN_ACCUMULATION,62,DOWN,28,false,ALIGNED
72464408-616f-45b7-a3ba-a7b8ecd4759a,2026-05-15T07:11:00.904301+00:00,LONG,-3.12,AMD_NONE,ASIAN_ACCUMULATION,62,DOWN,28,false,ALIGNED
303c4baf-a55a-45b2-9c30-53213a3114a9,2026-05-15T07:26:00.855538+00:00,LONG,-3.17,AMD_NONE,ASIAN_ACCUMULATION,62,DOWN,28,false,ALIGNED
08634d6f-45c4-4283-81c3-a98c39a6997d,2026-05-15T08:46:01.098028+00:00,LONG,-3.27,AMD_NONE,LONDON_MANIPULATION,62,DOWN,28,false,ALIGNED
32d6e120-c887-419f-865c-33a13336ad82,2026-05-15T09:36:00.831383+00:00,LONG,2.87,AMD_NONE,LONDON_MANIPULATION,62,DOWN,28,false,ALIGNED
dba759e0-b425-4b5b-8d3e-0d04b9155630,2026-05-15T10:06:01.059591+00:00,LONG,3.18,AMD_NONE,DISTRIBUTION,62,DOWN,28,false,ALIGNED
f382f7f2-ecad-4c81-a984-5f1a1ca9b878,2026-05-15T10:46:01.107489+00:00,LONG,-1.22,AMD_NONE,DISTRIBUTION,62,DOWN,28,false,ALIGNED
6a1de734-f4d7-45bc-8bb3-0896b5b20d32,2026-05-15T13:01:01.220698+00:00,LONG,0.64,AMD_NONE,DISTRIBUTION,62,DOWN,28,false,ALIGNED
a265d7a6-7ed0-46fa-8786-81420c02225c,2026-05-15T13:26:00.593915+00:00,LONG,-0.9,AMD_NONE,DISTRIBUTION,62,DOWN,28,false,ALIGNED
3969f5ad-96cd-43a4-bec9-79060374835a,2026-05-15T13:56:01.028808+00:00,LONG,0.21,AMD_NONE,DISTRIBUTION,62,DOWN,28,false,ALIGNED
92efada1-93c5-4a4f-9ed5-2284b389cd36,2026-05-15T14:41:01.719467+00:00,LONG,-3.54,AMD_NONE,DISTRIBUTION,62,DOWN,28,false,ALIGNED
c02167b8-51e8-4108-9823-6861f6b907cb,2026-05-15T15:36:01.171727+00:00,LONG,1.86,AMD_NONE,DISTRIBUTION,62,DOWN,28,false,ALIGNED
57b6e840-a97d-46ad-80f0-cccc1685dc50,2026-05-15T16:01:01.761996+00:00,LONG,1.87,AMD_NONE,DISTRIBUTION,62,DOWN,28,false,ALIGNED
935f851d-af18-42b0-9616-a960bb0151ef,2026-05-15T16:21:01.852138+00:00,LONG,0.46,AMD_NONE,DISTRIBUTION,62,DOWN,28,false,ALIGNED
a3c5033c-5def-49cb-8e4b-b75cda309372,2026-05-15T16:46:01.372868+00:00,LONG,-3.19,AMD_NONE,DISTRIBUTION,62,DOWN,28,false,ALIGNED
4629e855-6762-4fca-93d1-5634d662c9bb,2026-05-15T18:51:01.430616+00:00,LONG,-3.22,AMD_NONE,NY_CONTINUATION,62,DOWN,28,false,ALIGNED
8f8b90dd-ef38-42a9-bc1c-ac143bd6527f,2026-05-15T19:41:01.28191+00:00,LONG,-3.43,AMD_NONE,NY_CONTINUATION,62,DOWN,28,false,ALIGNED