trade_date,amd_tag,daily_bias_alignment,judas_direction,judas_pips,reversal_confirmed,asian_range_pips,predicted_direction,hour10_ref_price,h10_favorable,h10_close,h10_peak,h10_gap,h10_advancing,h11_favorable,h11_close,h11_peak,h11_gap,h11_advancing,h12_favorable,h12_close,h12_peak,h12_gap,h12_advancing,h13_favorable,h13_close,h13_peak,h13_gap,h13_advancing,h14_favorable,h14_close,h14_peak,h14_gap,h14_advancing,h15_favorable,h15_close,h15_peak,h15_gap,h15_advancing,peak_hour,peak_favorable_pips,peak_close_pips,degradation_starts_hour
2025-05-01,AMD_SHIFTED,CONFLICTED,DOWN,10,false,43,DOWN,0.6376,1.5,-18.2,1.5,19.7,true,-12.4,-14.6,1.5,16.1,false,-7.2,-10.1,1.5,11.6,true,-6.2,-10.3,1.5,11.8,true,3.6,-8.1,3.6,11.7,true,8.5,4.6,8.5,3.9,true,15,8.5,4.6,11
2025-05-02,AMD_SHIFTED,CONFLICTED,UP,30,false,41,UP,0.64414,1.7,-11.9,1.7,13.6,true,-2.7,-8.1,1.7,9.8,false,8.5,4.1,8.5,4.4,true,28.4,15.4,28.4,13,true,27.9,24.5,28.4,3.9,false,25.4,3.6,28.4,24.8,false,13,28.4,15.4,11
2025-05-05,AMD_NONE,CONFLICTED,UP,27,false,54,UP,0.64918,1.8,-8.4,1.8,10.2,true,2.1,-7.8,2.1,9.9,true,1.6,-4.8,2.1,6.9,false,0.6,-11.2,2.1,13.3,false,-8.2,-11,2.1,13.1,false,-10.5,-21.4,2.1,23.5,false,11,2.1,-7.8,12
2025-05-06,AMD_TEXTBOOK,ALIGNED,DOWN,21,true,28,UP,0.64459,11.1,10.7,11.1,0.4,true,17.3,17.1,17.3,0.2,true,24.8,23.1,24.8,1.7,true,29.5,28.9,29.5,0.6,true,40.2,32.7,40.2,7.5,true,43.3,41.7,43.3,1.6,true,15,43.3,41.7,-1
2025-05-07,AMD_SHIFTED,ALIGNED,DOWN,19,false,39,UP,0.64685,9.7,9.3,9.7,0.4,true,12.3,4.5,12.3,7.8,true,6.8,0.5,12.3,11.8,false,6.9,5.7,12.3,6.6,true,6.3,-0.1,12.3,12.4,false,0.1,-8.1,12.3,20.4,false,11,12.3,4.5,12
2025-05-08,AMD_NONE,ALIGNED,DOWN,13,false,62,UP,0.6412,15.3,5.5,15.3,9.8,true,9.3,4.2,15.3,11.1,false,11.9,5.8,15.3,9.5,true,18.1,14.2,18.1,3.9,true,21.2,-0.6,21.2,21.8,true,14.1,2.6,21.2,18.6,false,14,21.2,-0.6,11
2025-05-09,AMD_SHIFTED,ALIGNED,DOWN,13,true,44,UP,0.63996,2.2,-0.2,2.2,2.4,true,8.7,5.2,8.7,3.5,true,10.2,9.2,10.2,1,true,25.8,24,25.8,1.8,true,32.9,21.4,32.9,11.5,true,24,23.8,32.9,9.1,false,14,32.9,21.4,15
2025-05-12,AMD_NONE,ALIGNED,UP,10,true,70,DOWN,0.64075,25.2,22.5,25.2,2.7,true,24.1,12.6,25.2,12.6,false,21.7,20.2,25.2,5,false,22.7,19.7,25.2,5.5,true,35.3,32.7,35.3,2.6,true,43.9,40.3,43.9,3.6,true,15,43.9,40.3,11
2025-05-13,AMD_NONE,CONFLICTED,DOWN,8,true,58,DOWN,0.64122,7.2,-1.8,7.2,9,true,4.8,4.4,7.2,2.8,false,7.1,-18,7.2,25.2,true,-6.6,-10,7.2,17.2,false,-9.2,-47.4,7.2,54.6,false,-42.2,-59,7.2,66.2,false,10,7.2,-1.8,11
2025-05-14,AMD_TEXTBOOK,ALIGNED,UP,13,true,24,DOWN,0.64809,8.5,5.3,8.5,3.2,true,16.7,8.3,16.7,8.4,true,19.3,14.1,19.3,5.2,true,24.9,21.3,24.9,3.6,true,33.9,24.2,33.9,9.7,true,42.7,34.9,42.7,7.8,true,15,42.7,34.9,-1
2025-05-15,AMD_SHIFTED,ALIGNED,UP,5,true,43,DOWN,0.64176,13,11.2,13,1.8,true,16,8.5,16,7.5,true,14.6,1.6,16,14.4,false,15.7,12.3,16,3.7,true,26,15.5,26,10.5,true,27.1,16,27.1,11.1,true,15,27.1,16,12
2025-05-16,AMD_SHIFTED,CONFLICTED,DOWN,9,false,42,DOWN,0.64194,2.2,-1,2.2,3.2,true,4.2,2.2,4.2,2,true,11.2,5.1,11.2,6.1,true,11,1.9,11.2,9.3,false,25.6,22.4,25.6,3.2,true,31.6,26.2,31.6,5.4,true,15,31.6,26.2,13
2025-05-19,AMD_COMPRESSION_BREAKOUT,ALIGNED,UP,21,false,32,UP,0.64464,3,-1.6,3,4.6,true,5.8,2.8,5.8,3,true,3.7,-6.8,5.8,12.6,false,5.3,-1,5.8,6.8,true,12.7,10.5,12.7,2.2,true,18.7,10.7,18.7,8,true,15,18.7,10.7,12
2025-05-20,AMD_SHIFTED,CONFLICTED,DOWN,9,false,47,DOWN,0.64176,6.9,4.3,6.9,2.6,true,7.6,5.6,7.6,2,true,25.8,20.3,25.8,5.5,true,21.6,17,25.8,8.8,false,22.8,14.3,25.8,11.5,true,22,13.6,25.8,12.2,false,12,25.8,20.3,13
2025-05-21,AMD_SHIFTED,CONFLICTED,DOWN,13,false,36,DOWN,0.64386,2.5,-6.4,2.5,8.9,true,-3.2,-5.9,2.5,8.4,false,-0.8,-6.6,2.5,9.1,true,1.4,-7.8,2.5,10.3,true,-7.7,-19.5,2.5,22,false,-15.9,-27.6,2.5,30.1,false,10,2.5,-6.4,11
2025-05-22,AMD_COMPRESSION_BREAKOUT,CONFLICTED,DOWN,26,false,26,DOWN,0.64236,8.8,7.2,8.8,1.6,true,8,2,8.8,6.8,false,7.6,1.9,8.8,6.9,false,13.2,11.2,13.2,2,true,11.2,8.7,13.2,4.5,false,15.8,7.5,15.8,8.3,true,15,15.8,7.5,11
2025-05-23,AMD_SHIFTED,CONFLICTED,UP,11,false,48,UP,0.64633,2.2,-1,2.2,3.2,true,7.1,-20.3,7.1,27.4,true,-1.1,-4.3,7.1,11.4,false,-2.3,-12.3,7.1,19.4,false,13.9,10.1,13.9,3.8,true,16.4,12.5,16.4,3.9,true,15,16.4,12.5,12
2025-05-26,AMD_SHIFTED,CONFLICTED,DOWN,10,false,39,DOWN,0.65034,1,-5.6,1,6.6,true,-0.8,-6.4,1,7.4,false,2,0.8,2,1.2,true,4.1,-0.6,4.1,4.7,true,5.1,2.8,5.1,2.3,true,9.3,9,9.3,0.3,true,15,9.3,9,11
2025-05-27,AMD_NONE,ALIGNED,UP,10,true,50,DOWN,0.64502,8.2,6.6,8.2,1.6,true,7.1,5.2,8.2,3,false,7.6,-5,8.2,13.2,true,4.8,4.4,8.2,3.8,false,13.6,8.5,13.6,5.1,true,15,14.4,15,0.6,true,15,15,14.4,11
2025-05-28,AMD_TEXTBOOK,ALIGNED,UP,9,true,29,DOWN,0.64433,3.9,2,3.9,1.9,true,8.3,6.3,8.3,2,true,22.1,21.7,22.1,0.4,true,33.3,29.9,33.3,3.4,true,29.9,19.7,33.3,13.6,false,29.5,27.1,33.3,6.2,false,13,33.3,29.9,14
2025-05-29,AMD_SHIFTED,CONFLICTED,DOWN,14,true,42,DOWN,0.6442,3.3,-0.6,3.3,3.9,true,9.8,8.2,9.8,1.6,true,8.8,-13.8,9.8,23.6,false,8.1,5.8,9.8,4,false,11.8,-1,11.8,12.8,true,2.5,0.1,11.8,11.7,false,14,11.8,-1,12
2025-05-30,AMD_SHIFTED,CONFLICTED,DOWN,6,false,45,DOWN,0.64174,0.9,-2.6,0.9,3.5,true,-0.8,-4,0.9,4.9,false,5.2,-5,5.2,10.2,true,8.7,7.6,8.7,1.1,true,9,-17.4,9,26.4,true,-13.4,-15.4,9,24.4,false,14,9,-17.4,11
2025-06-02,AMD_SHIFTED,CONFLICTED,DOWN,5,true,47,DOWN,0.64827,3.9,0.1,3.9,3.8,true,5.7,3.3,5.7,2.4,true,3.5,-5.6,5.7,11.3,false,11.1,4.8,11.1,6.3,true,5.5,-14.5,11.1,25.6,false,-7,-10.1,11.1,21.2,false,13,11.1,4.8,12
2025-06-03,AMD_SHIFTED,CONFLICTED,DOWN,7,false,49,DOWN,0.6459,3.8,2,3.8,1.8,true,5.2,2,5.2,3.2,true,10.6,6.6,10.6,4,true,7.4,4.8,10.6,5.8,false,12,-8.8,12,20.8,true,0,-2.2,12,14.2,false,14,12,-8.8,13
2025-06-04,AMD_COMPRESSION_BREAKOUT,CONFLICTED,UP,18,false,29,UP,0.64748,6.5,1.6,6.5,4.9,true,11.9,8.4,11.9,3.5,true,19.3,17.7,19.3,1.6,true,19.6,14,19.6,5.6,true,26.9,25.8,26.9,1.1,true,25.9,22.7,26.9,4.2,false,14,26.9,25.8,15
2025-06-05,AMD_COMPRESSION_BREAKOUT,CONFLICTED,UP,13,false,23,UP,0.65102,4.7,0.6,4.7,4.1,true,3.8,-1.2,4.7,5.9,false,15.9,7.6,15.9,8.3,true,28,16.4,28,11.6,true,20.9,13.9,28,14.1,false,16,5.6,28,22.4,false,13,28,16.4,11
2025-06-06,AMD_FAILED,ALIGNED,DOWN,13,false,24,UP,0.64895,5.7,4.1,5.7,1.6,true,8.4,2.1,8.4,6.3,true,17.5,3.1,17.5,14.4,true,8.9,1.5,17.5,16,false,14,-2.9,17.5,20.4,true,8.3,6.1,17.5,11.4,false,12,17.5,3.1,13
2025-06-09,AMD_SHIFTED,CONFLICTED,UP,15,true,26,UP,0.65276,3.4,-4,3.4,7.4,true,-1,-8.6,3.4,12,false,-8.5,-14.9,3.4,18.3,false,-13.7,-18.4,3.4,21.8,false,-5.8,-9,3.4,12.4,true,-0.9,-2.6,3.4,6,true,10,3.4,-4,11
2025-06-10,AMD_SHIFTED,CONFLICTED,UP,17,false,40,UP,0.65166,4.4,-2.8,4.4,7.2,true,5.2,3.3,5.2,1.9,true,6.5,0.2,6.5,6.3,true,15.7,15.2,15.7,0.5,true,16.5,9.4,16.5,7.1,true,9.2,4,16.5,12.5,false,14,16.5,9.4,15
2025-06-11,AMD_TEXTBOOK,CONFLICTED,UP,8,true,32,DOWN,0.6514,4.9,4.3,4.9,0.6,true,11,8.2,11,2.8,true,13.4,-14.8,13.4,28.2,true,4.6,-4.7,13.4,18.1,false,-3.2,-4.4,13.4,17.8,false,-2.1,-6.2,13.4,19.6,true,12,13.4,-14.8,13
2025-06-12,AMD_SHIFTED,CONFLICTED,UP,24,false,34,UP,0.6499,19.8,17.6,19.8,2.2,true,21.3,15.8,21.3,5.5,true,34.9,27.8,34.9,7.1,true,30.1,19.6,34.9,15.3,false,29.4,28.3,34.9,6.6,false,31.6,24.4,34.9,10.5,true,12,34.9,27.8,13
2025-06-13,AMD_NONE,CONFLICTED,UP,14,true,71,UP,0.64823,1.5,-15.1,1.5,16.6,true,-0.1,-7,1.5,8.5,false,-1.3,-3.3,1.5,4.8,false,3.2,1.7,3.2,1.5,true,20.1,16.9,20.1,3.2,true,33.2,28.7,33.2,4.5,true,15,33.2,28.7,11
2025-06-16,AMD_SHIFTED,CONFLICTED,UP,9,false,47,UP,0.65158,5.8,0.4,5.8,5.4,true,10,8.6,10,1.4,true,13.2,11.6,13.2,1.6,true,29,27.2,29,1.8,true,36.4,24.3,36.4,12.1,true,26.8,19.2,36.4,17.2,false,14,36.4,24.3,15
2025-06-17,AMD_SHIFTED,CONFLICTED,DOWN,11,true,41,DOWN,0.65283,0.3,-7.9,0.3,8.2,true,-4.9,-8.5,0.3,8.8,false,8.3,6.3,8.3,2,true,6.8,-6.3,8.3,14.6,false,23.1,19.9,23.1,3.2,true,25.9,15.1,25.9,10.8,true,15,25.9,15.1,11
2025-06-18,AMD_SHIFTED,CONFLICTED,UP,6,true,37,UP,0.65003,1.5,-12.3,1.5,13.8,true,1.4,0.5,1.5,1,false,5.8,-0.8,5.8,6.6,true,6.1,-1.1,6.1,7.2,true,20.4,15.3,20.4,5.1,true,23.3,17.9,23.3,5.4,true,15,23.3,17.9,11
2025-06-19,AMD_SHIFTED,ALIGNED,UP,15,true,49,DOWN,0.64656,3.2,1.8,3.2,1.4,true,8.2,-2.6,8.2,10.8,true,7.2,3.2,8.2,5,false,8.1,6.9,8.2,1.3,true,19.8,12.1,19.8,7.7,true,12.8,11.4,19.8,8.4,false,14,19.8,12.1,12
2025-06-20,AMD_TEXTBOOK,ALIGNED,UP,10,true,23,DOWN,0.6493,8,4.6,8,3.4,true,11.4,4.7,11.4,6.7,true,7.8,3.2,11.4,8.2,false,21.2,19.6,21.2,1.6,true,34.4,26.8,34.4,7.6,true,41,39.2,41,1.8,true,15,41,39.2,12
2025-06-23,AMD_SHIFTED,CONFLICTED,DOWN,41,false,49,DOWN,0.638,4,0.4,4,3.6,true,7.4,-7.4,7.4,14.8,true,-0.2,-11.2,7.4,18.6,false,-5.3,-24,7.4,31.4,false,-23.6,-50.4,7.4,57.8,false,-40.4,-41,7.4,48.4,false,11,7.4,-7.4,12
2025-06-24,AMD_SHIFTED,CONFLICTED,UP,22,true,42,UP,0.65094,1.6,-1,1.6,2.6,true,6.4,-0.6,6.4,7,true,2.5,-5.8,6.4,12.2,false,-2.9,-18.8,6.4,25.2,false,10.1,-2.6,10.1,12.7,true,8.2,-11.7,10.1,21.8,false,14,10.1,-2.6,12
2025-06-25,AMD_COMPRESSION_BREAKOUT,ALIGNED,DOWN,8,false,18,DOWN,0.64955,4.3,0.1,4.3,4.2,true,2,-1.5,4.3,5.8,false,6.4,3.7,6.4,2.7,true,11.1,9.5,11.1,1.6,true,9.9,2.1,11.1,9,false,6.7,4.4,11.1,6.7,false,13,11.1,9.5,11
2025-06-26,AMD_COMPRESSION_BREAKOUT,CONFLICTED,UP,17,false,28,UP,0.65384,5.4,-0.4,5.4,5.8,true,0.4,-6.2,5.4,11.6,false,6.6,2.6,6.6,4,true,13.6,12,13.6,1.6,true,20.4,9.4,20.4,11,true,15.5,15,20.4,5.4,false,14,20.4,9.4,11
2025-06-27,AMD_COMPRESSION_BREAKOUT,ALIGNED,DOWN,9,false,21,DOWN,0.65419,12.9,8.1,12.9,4.8,true,9.5,3.7,12.9,9.2,false,8.9,-3.3,12.9,16.2,false,15.3,14.5,15.3,0.8,true,18.9,14.7,18.9,4.2,true,18.5,8.4,18.9,10.5,false,14,18.9,14.7,11
2025-06-30,AMD_TEXTBOOK,ALIGNED,DOWN,9,true,25,UP,0.65248,6.4,5.9,6.4,0.5,true,10.8,7,10.8,3.8,true,8.2,6.8,10.8,4,false,19.6,19.6,19.6,0,true,32.9,28.2,32.9,4.7,true,48,48,48,0,true,15,48,48,12
2025-07-01,AMD_TEXTBOOK,ALIGNED,DOWN,9,true,34,UP,0.6584,5.6,1,5.6,4.6,true,2.8,1.4,5.6,4.2,false,3.7,-10.6,5.6,16.2,true,-5.2,-10.4,5.6,16,false,-3.2,-11.6,5.6,17.2,true,-10.9,-13.4,5.6,19,false,10,5.6,1,11
2025-07-02,AMD_FAILED,CONFLICTED,UP,4,true,21,DOWN,0.65641,1,-0.7,1,1.7,true,11.5,10.7,11.5,0.8,true,20.7,13.1,20.7,7.6,true,18.4,14.3,20.7,6.4,false,17.8,1.1,20.7,19.6,false,2.7,-6.6,20.7,27.3,false,12,20.7,13.1,13
2025-07-03,AMD_FAILED,CONFLICTED,UP,6,true,24,DOWN,0.65752,2.1,1.4,2.1,0.7,true,3.3,2,3.3,1.3,true,38.2,29,38.2,9.2,true,34.5,5,38.2,33.2,false,14.8,12.4,38.2,25.8,false,14,2.1,38.2,36.1,false,12,38.2,29,13
2025-07-04,AMD_FAILED,CONFLICTED,UP,6,true,30,DOWN,0.65576,2.8,0.8,2.8,2,true,1.2,-1,2.8,3.8,false,7.4,6.6,7.4,0.8,true,9.1,5.8,9.1,3.3,true,11.6,7.8,11.6,3.8,true,10.4,7.3,11.6,4.3,false,14,11.6,7.8,11
2025-07-07,AMD_NONE,CONFLICTED,DOWN,18,false,53,DOWN,0.6497,2.6,0.2,2.6,2.4,true,2.2,-3,2.6,5.6,false,1.6,-5.4,2.6,8,false,-3.8,-16.8,2.6,19.4,false,-14.4,-17.3,2.6,19.9,false,-11.8,-14.4,2.6,17,true,10,2.6,0.2,11
2025-07-08,AMD_NONE,CONFLICTED,DOWN,7,false,52,DOWN,0.6539,2.4,-0.6,2.4,3,true,-0.5,-1.5,2.4,3.9,false,6.6,-3.3,6.6,9.9,true,22.8,13.7,22.8,9.1,true,31,22.8,31,8.2,true,24.2,16,31,15,false,14,31,22.8,11
2025-07-09,AMD_SHIFTED,ALIGNED,UP,10,true,35,DOWN,0.65328,10.6,10.4,10.6,0.2,true,16.8,16.6,16.8,0.2,true,18.4,-0.8,18.4,19.2,true,2.4,-6.4,18.4,24.8,false,1.8,0.6,18.4,17.8,false,6,2.4,18.4,16,true,12,18.4,-0.8,13
2025-07-10,AMD_TEXTBOOK,CONFLICTED,UP,9,true,29,DOWN,0.65601,1.7,-4.9,1.7,6.6,true,10.4,8.7,10.4,1.7,true,15.7,8.9,15.7,6.8,true,18.3,14.5,18.3,3.8,true,17.7,1.9,18.3,16.4,false,2.6,-10.8,18.3,29.1,false,13,18.3,14.5,14
2025-07-11,AMD_SHIFTED,ALIGNED,DOWN,15,true,38,UP,0.6577,12.5,10,12.5,2.5,true,13.4,2.6,13.4,10.8,true,10.4,2.3,13.4,11.1,false,13.4,-2.4,13.4,15.8,true,6.4,-3.1,13.4,16.5,false,3.6,0.3,13.4,13.1,false,11,13.4,2.6,12
2025-07-14,AMD_COMPRESSION_BREAKOUT,ALIGNED,DOWN,10,false,32,DOWN,0.65684,3,0.1,3,2.9,true,3.6,2.3,3.6,1.3,true,14.2,10.3,14.2,3.9,true,14.6,6.3,14.6,8.3,true,14.3,13.6,14.6,1,false,20,19.6,20,0.4,true,15,20,19.6,14
2025-07-15,AMD_FAILED,CONFLICTED,DOWN,5,true,29,UP,0.65652,4.6,3.6,4.6,1,true,5.4,-4.2,5.4,9.6,true,10.6,6.3,10.6,4.3,true,8,-22.2,10.6,32.8,false,-22.1,-45.8,10.6,56.4,false,-44.6,-45.6,10.6,56.2,false,12,10.6,6.3,13
2025-07-16,AMD_COMPRESSION_BREAKOUT,CONFLICTED,DOWN,9,false,19,DOWN,0.65226,3.1,0.2,3.1,2.9,true,5,2.6,5,2.4,true,7.4,4.4,7.4,3,true,26,21.9,26,4.1,true,27.4,15.7,27.4,11.7,true,16.3,1.3,27.4,26.1,false,14,27.4,15.7,15
2025-07-17,AMD_NONE,ALIGNED,UP,10,true,62,DOWN,0.64662,2.4,1,2.4,1.4,true,11.2,8.4,11.2,2.8,true,12,-2.9,12,14.9,true,3.8,-7.6,12,19.6,false,-4.2,-11.6,12,23.6,false,-11,-17.2,12,29.2,false,12,12,-2.9,13
2025-07-18,AMD_COMPRESSION_BREAKOUT,ALIGNED,UP,10,false,16,UP,0.65193,4.2,3.3,4.2,0.9,true,6.5,3.3,6.5,3.2,true,13.1,12.8,13.1,0.3,true,21.2,17.3,21.2,3.9,true,21.7,5,21.7,16.7,true,9,6.7,21.7,15,false,14,21.7,5,15
2025-07-21,AMD_COMPRESSION_BREAKOUT,CONFLICTED,UP,11,false,21,UP,0.65114,2.2,1.7,2.2,0.5,true,13,12.3,13,0.7,true,16.6,11.1,16.6,5.5,true,11.6,5.7,16.6,10.9,false,19.8,14,19.8,5.8,true,26.2,18.6,26.2,7.6,true,15,26.2,18.6,13
2025-07-22,AMD_SHIFTED,CONFLICTED,UP,13,true,24,UP,0.6518,2.8,-7.2,2.8,10,true,2.5,1.2,2.8,1.6,false,11,8.3,11,2.7,true,20,12.4,20,7.6,true,29.7,27.8,29.7,1.9,true,37.9,37,37.9,0.9,true,15,37.9,37,11
2025-07-23,AMD_SHIFTED,CONFLICTED,UP,9,false,30,UP,0.6587,7.8,3.4,7.8,4.4,true,13.8,11.2,13.8,2.6,true,13.8,1.3,13.8,12.5,false,6.2,-0.9,13.8,14.7,false,6,0.4,13.8,13.4,false,8.8,3,13.8,10.8,true,11,13.8,11.2,13
2025-07-24,AMD_TEXTBOOK,CONFLICTED,UP,11,true,29,DOWN,0.66172,11.5,9.2,11.5,2.3,true,10.3,1.5,11.5,10,false,12.9,11.6,12.9,1.3,true,15.3,10.2,15.3,5.1,true,13.2,9.6,15.3,5.7,false,18.8,17.6,18.8,1.2,true,15,18.8,17.6,11
2025-07-25,AMD_COMPRESSION_BREAKOUT,ALIGNED,DOWN,13,false,32,DOWN,0.65628,3.2,-2,3.2,5.2,true,4.5,-4.5,4.5,9,true,6.6,3.5,6.6,3.1,true,10.7,4,10.7,6.7,true,6.4,3.3,10.7,7.4,false,10.4,8.3,10.7,2.4,true,13,10.7,4,14
2025-07-28,AMD_NONE,CONFLICTED,DOWN,8,false,63,DOWN,0.65255,1.1,-1,1.1,2.1,true,3.3,-3.9,3.3,7.2,true,0.1,-8.6,3.3,11.9,false,9.9,8.3,9.9,1.6,true,8.9,-2.5,9.9,12.4,false,9.3,7.9,9.9,2,true,13,9.9,8.3,12
2025-07-29,AMD_TEXTBOOK,ALIGNED,UP,16,true,31,DOWN,0.65136,4.2,3.6,4.2,0.6,true,16.8,14.6,16.8,2.2,true,17.4,15.4,17.4,2,true,16.6,4.9,17.4,12.5,false,16.6,6.2,17.4,11.2,false,10.2,6.2,17.4,11.2,false,12,17.4,15.4,13
2025-07-30,AMD_COMPRESSION_BREAKOUT,CONFLICTED,DOWN,7,false,27,DOWN,0.65,9.4,8.8,9.4,0.6,true,15.4,12,15.4,3.4,true,34.4,33.2,34.4,1.2,true,50.6,45.2,50.6,5.4,true,45.5,39.6,50.6,11,false,51.2,49.3,51.2,1.9,true,15,51.2,49.3,14
2025-07-31,AMD_SHIFTED,CONFLICTED,DOWN,17,false,43,DOWN,0.64482,11.6,9,11.6,2.6,true,10.6,2.1,11.6,9.5,false,12.6,8.6,12.6,4,true,17.5,13.6,17.5,3.9,true,16.2,10.4,17.5,7.1,false,20.5,19.2,20.5,1.3,true,15,20.5,19.2,11
2025-08-01,AMD_TEXTBOOK,CONFLICTED,DOWN,11,true,18,UP,0.64214,7.4,3.9,7.4,3.5,true,11.7,2.5,11.7,9.2,true,65.4,59.8,65.4,5.6,true,72.1,44.8,72.1,27.3,true,57.2,40.9,72.1,31.2,false,48.8,45.2,72.1,26.9,false,13,72.1,44.8,14
2025-08-04,AMD_FAILED,ALIGNED,UP,12,false,24,DOWN,0.64766,6.4,-2.4,6.4,8.8,true,0.4,-5.4,6.4,11.8,false,-2.6,-4.6,6.4,11,false,-3.4,-5.6,6.4,12,false,5.8,5.4,6.4,1,true,14,11.6,14,2.4,true,15,14,11.6,11
2025-08-05,AMD_SHIFTED,CONFLICTED,DOWN,10,true,26,DOWN,0.6458,2.4,0.4,2.4,2,true,5.2,-1.7,5.2,6.9,true,0,-7.6,5.2,12.8,false,-3.2,-7.1,5.2,12.3,false,3,-3.6,5.2,8.8,true,-2.9,-12.2,5.2,17.4,false,11,5.2,-1.7,12
2025-08-06,AMD_SHIFTED,ALIGNED,DOWN,8,true,25,UP,0.64922,14.4,12.4,14.4,2,true,15.6,12.6,15.6,3,true,13.8,11.4,15.6,4.2,false,15.8,9,15.8,6.8,true,9.6,1.5,15.8,14.3,false,12.2,10.5,15.8,5.3,true,13,15.8,9,12
2025-08-07,AMD_SHIFTED,ALIGNED,DOWN,13,false,42,UP,0.65244,3.8,3,3.8,0.8,true,8,-3,8,11,true,4.4,0.7,8,7.3,false,5.8,-7.2,8,15.2,true,-6.4,-28.6,8,36.6,false,-22.5,-24,8,32,false,11,8,-3,12
2025-08-08,AMD_TEXTBOOK,ALIGNED,DOWN,13,true,22,UP,0.65232,3.6,1.9,3.6,1.7,true,3.5,-1,3.6,4.6,false,0.8,-6.1,3.6,9.7,false,6,2.2,6,3.8,true,6.3,1.2,6.3,5.1,true,7.8,3.5,7.8,4.3,true,15,7.8,3.5,11
2025-08-11,AMD_TEXTBOOK,CONFLICTED,UP,8,true,15,DOWN,0.65186,0.6,-2.6,0.6,3.2,true,11.2,7,11.2,4.2,true,17.2,11.8,17.2,5.4,true,14.6,7.4,17.2,9.8,false,17.4,13.4,17.4,4,true,16,6.2,17.4,11.2,false,14,17.4,13.4,13
2025-08-12,AMD_COMPRESSION_BREAKOUT,ALIGNED,DOWN,13,false,32,DOWN,0.64904,1.6,1.4,1.6,0.2,true,8.6,4.1,8.6,4.5,true,5.8,-15,8.6,23.6,false,-0.2,-12.6,8.6,21.2,false,-11.6,-25.9,8.6,34.5,false,-25.6,-40.8,8.6,49.4,false,11,8.6,4.1,12
2025-08-13,AMD_SHIFTED,CONFLICTED,UP,13,false,39,UP,0.65623,0.5,-7.1,0.5,7.6,true,-6,-7.3,0.5,7.8,false,-6,-17.1,0.5,17.6,false,-12.1,-13.2,0.5,13.7,false,-4.1,-9.5,0.5,10,true,-9.5,-18.2,0.5,18.7,false,10,0.5,-7.1,11
2025-08-14,AMD_SHIFTED,ALIGNED,DOWN,8,false,40,UP,0.65278,4.7,-0.4,4.7,5.1,true,2.2,-2.9,4.7,7.6,false,-1.8,-22,4.7,26.7,false,-22,-36.3,4.7,41,false,-20.8,-25.6,4.7,30.3,true,-25,-39.4,4.7,44.1,false,10,4.7,-0.4,11
2025-08-15,AMD_SHIFTED,ALIGNED,DOWN,9,true,26,UP,0.65063,7.4,6.5,7.4,0.9,true,10.1,7.2,10.1,2.9,true,12.5,9.6,12.5,2.9,true,15.7,13.9,15.7,1.8,true,16.3,14.3,16.3,2,true,16.6,7.1,16.6,9.5,true,15,16.6,7.1,-1
2025-08-18,AMD_FAILED,CONFLICTED,UP,7,true,14,DOWN,0.65126,2.2,2.2,2.2,0,true,5.2,3.6,5.2,1.6,true,6.8,4.9,6.8,1.9,true,12,11.8,12,0.2,true,28.9,25.4,28.9,3.5,true,31,19.4,31,11.6,true,15,31,19.4,-1
2025-08-19,AMD_FAILED,CONFLICTED,DOWN,6,true,20,UP,0.64899,5.7,-0.1,5.7,5.8,true,4.7,3.3,5.7,2.4,false,4.7,-5.3,5.7,11,false,-4.7,-11.7,5.7,17.4,false,-9.5,-24.5,5.7,30.2,false,-24.1,-31.7,5.7,37.4,false,10,5.7,-0.1,11
2025-08-20,AMD_TEXTBOOK,CONFLICTED,DOWN,16,true,26,UP,0.64366,1,-2.1,1,3.1,true,0.2,-5.8,1,6.8,false,11.9,7.3,11.9,4.6,true,7.8,-8.2,11.9,20.1,false,-3.6,-6.4,11.9,18.3,false,2.8,-9.4,11.9,21.3,true,12,11.9,7.3,11
2025-08-21,AMD_FAILED,ALIGNED,UP,7,true,22,DOWN,0.64241,0.4,-5.1,0.4,5.5,true,1,0.8,1,0.2,true,5.3,3.9,5.3,1.4,true,8.8,4,8.8,4.8,true,5.2,-1.6,8.8,10.4,false,7.3,4.1,8.8,4.7,true,13,8.8,4,14
2025-08-22,AMD_TEXTBOOK,ALIGNED,UP,8,true,15,DOWN,0.64197,4,1.4,4,2.6,true,2.9,-2,4,6,false,-1.9,-1.9,4,5.9,false,-1.6,-7.1,4,11.1,true,-7.3,-73.4,4,77.4,false,-63.6,-63.7,4,67.7,false,10,4,1.4,11
2025-08-25,AMD_COMPRESSION_BREAKOUT,ALIGNED,UP,12,false,33,UP,0.64894,2.4,0.7,2.4,1.7,true,10.2,9.6,10.2,0.6,true,10.4,2.8,10.4,7.6,true,12,8.6,12,3.4,true,15.2,10.6,15.2,4.6,true,14.6,9.2,15.2,6,false,14,15.2,10.6,15
2025-08-26,AMD_COMPRESSION_BREAKOUT,ALIGNED,UP,13,false,23,UP,0.64857,2.3,-1.1,2.3,3.4,true,6.7,4.5,6.7,2.2,true,7.9,0.5,7.9,7.4,true,2.9,1.5,7.9,6.4,false,10.5,8.5,10.5,2,true,13.1,11.8,13.1,1.3,true,15,13.1,11.8,13
2025-08-27,AMD_COMPRESSION_BREAKOUT,ALIGNED,DOWN,14,false,30,DOWN,0.64712,7.2,5.1,7.2,2.1,true,8.8,4.9,8.8,3.9,true,4.9,-0.6,8.8,9.4,false,1.8,-4.4,8.8,13.2,false,-1.4,-14.6,8.8,23.4,false,-14.4,-23.8,8.8,32.6,false,11,8.8,4.9,12
2025-08-28,AMD_COMPRESSION_BREAKOUT,CONFLICTED,UP,8,false,16,UP,0.65202,9.7,7.9,9.7,1.8,true,10.5,7.2,10.5,3.3,true,14.4,8.4,14.4,6,true,9.3,3.2,14.4,11.2,false,13.7,5,14.4,9.4,true,11.2,10.2,14.4,4.2,false,12,14.4,8.4,13
2025-08-29,AMD_TEXTBOOK,ALIGNED,DOWN,12,true,14,UP,0.6528,2.6,-0.5,2.6,3.1,true,1,-1.4,2.6,4,false,2.4,1.2,2.6,1.4,true,9.5,7.5,9.5,2,true,20.7,16.4,20.7,4.3,true,17.6,16,20.7,4.7,false,14,20.7,16.4,11
2025-09-01,AMD_FAILED,CONFLICTED,UP,11,false,14,DOWN,0.65574,2.6,0.4,2.6,2.2,true,4.6,3.4,4.6,1.2,true,8.6,5,8.6,3.6,true,7.8,4.2,8.6,4.4,false,6,0,8.6,8.6,false,5.2,4.5,8.6,4.1,false,12,8.6,5,13
2025-09-02,AMD_NONE,CONFLICTED,UP,15,true,58,UP,0.65112,2.4,0.2,2.4,2.2,true,3,-2.4,3,5.4,true,2.6,-24,3,27,false,0.4,-1.6,3,4.6,false,13.8,11.7,13.8,2.1,true,12.7,3.9,13.8,9.9,false,14,13.8,11.7,12
2025-09-03,AMD_COMPRESSION_BREAKOUT,CONFLICTED,UP,12,false,23,UP,0.65313,3.9,-1.5,3.9,5.4,true,6.1,4.5,6.1,1.6,true,9.4,9.3,9.4,0.1,true,12.9,4.9,12.9,8,true,18.2,12.7,18.2,5.5,true,19.4,17.5,19.4,1.9,true,15,19.4,17.5,-1
2025-09-04,AMD_SHIFTED,ALIGNED,DOWN,8,false,29,UP,0.65186,4,0.8,4,3.2,true,0.5,-2.2,4,6.2,false,6.1,2.2,6.1,3.9,true,8.3,3.1,8.3,5.2,true,3,-10.9,8.3,19.2,false,-6.2,-7,8.3,15.3,false,13,8.3,3.1,11
2025-09-05,AMD_SHIFTED,CONFLICTED,UP,4,false,24,UP,0.65444,3.2,-1,3.2,4.2,true,0.7,-3.5,3.2,6.7,false,29.4,27.5,29.4,1.9,true,44.4,44.1,44.4,0.3,true,44.2,12.8,44.4,31.6,false,24.8,23.6,44.4,20.8,false,13,44.4,44.1,11
2025-09-08,AMD_SHIFTED,ALIGNED,DOWN,5,true,38,UP,0.65822,6,4.6,6,1.4,true,11.7,8.6,11.7,3.1,true,14.5,13.6,14.5,0.9,true,16.5,8.1,16.5,8.4,true,9.2,2.2,16.5,14.3,false,8.6,7.9,16.5,8.6,false,13,16.5,8.1,14
2025-09-09,AMD_TEXTBOOK,CONFLICTED,UP,13,true,24,DOWN,0.66183,4.7,3.7,4.7,1,true,9.5,8.9,9.5,0.6,true,21.9,20.3,21.9,1.6,true,22.9,16.3,22.9,6.6,true,28.3,24.9,28.3,3.4,true,33.1,27.9,33.1,5.2,true,15,33.1,27.9,-1
2025-09-10,AMD_SHIFTED,CONFLICTED,UP,9,false,35,UP,0.66082,0.4,-5.5,0.4,5.9,true,-0.3,-1.7,0.4,2.1,false,16.9,3.8,16.9,13.1,true,21,18.6,21,2.4,true,27.5,20.6,27.5,6.9,true,22.8,17.2,27.5,10.3,false,14,27.5,20.6,11
2025-09-11,AMD_TEXTBOOK,ALIGNED,DOWN,14,true,19,UP,0.6605,2,0.9,2,1.1,true,5.6,-1.7,5.6,7.3,true,19.6,17.7,19.6,1.9,true,31.8,30,31.8,1.8,true,46.3,44.1,46.3,2.2,true,53.4,51.8,53.4,1.6,true,15,53.4,51.8,-1
2025-09-12,AMD_COMPRESSION_BREAKOUT,ALIGNED,DOWN,17,false,18,DOWN,0.66508,5,1.2,5,3.8,true,8.2,5.8,8.2,2.4,true,20,11.7,20,8.3,true,14.6,11.6,20,8.4,false,13.6,7.2,20,12.8,false,16.8,15.9,20,4.1,true,12,20,11.7,13
2025-09-15,AMD_TEXTBOOK,ALIGNED,DOWN,10,true,22,UP,0.66544,8.6,2,8.6,6.6,true,7,5.6,8.6,3,false,14.5,11.9,14.5,2.6,true,12.6,2.6,14.5,11.9,false,6.4,5,14.5,9.5,false,17.2,15.8,17.2,1.4,true,15,17.2,15.8,11
2025-09-16,AMD_TEXTBOOK,CONFLICTED,UP,10,true,16,DOWN,0.6668,4.1,1.8,4.1,2.3,true,2.8,-6,4.1,10.1,false,6.2,0,6.2,6.2,true,0.6,0.2,6.2,6,false,3.2,-9.1,6.2,15.3,true,2.6,-7.9,6.2,14.1,false,12,6.2,0,11
2025-09-17,AMD_SHIFTED,CONFLICTED,UP,5,true,21,UP,0.66725,2.2,-2.9,2.2,5.1,true,6.4,3.4,6.4,3,true,8.9,7.9,8.9,1,true,9.1,7.7,9.1,1.4,true,10.6,-1.7,10.6,12.3,true,-1.5,-5.6,10.6,16.2,false,14,10.6,-1.7,15
2025-09-18,AMD_SHIFTED,ALIGNED,UP,11,true,38,DOWN,0.66536,1.6,-1.4,1.6,3,true,5.3,1.4,5.3,3.9,true,22.6,22.4,22.6,0.2,true,46.6,32.4,46.6,14.2,true,41.8,40.3,46.6,6.3,false,44.4,40.5,46.6,6.1,true,13,46.6,32.4,14
2025-09-19,AMD_TEXTBOOK,ALIGNED,UP,9,true,32,DOWN,0.66036,0.8,0,0.8,0.8,true,11.4,10.8,11.4,0.6,true,17.6,15.6,17.6,2,true,15.8,10,17.6,7.6,false,12.9,4.8,17.6,12.8,false,13.8,8.9,17.6,8.7,true,12,17.6,15.6,13
2025-09-22,AMD_COMPRESSION_BREAKOUT,ALIGNED,UP,17,false,22,UP,0.65964,3.2,-0.9,3.2,4.1,true,0.3,0,3.2,3.2,false,3.4,1.5,3.4,1.9,true,3.4,-8.2,3.4,11.6,false,-6.2,-6.8,3.4,10.2,false,-5.4,-6.8,3.4,10.2,true,12,3.4,1.5,11
2025-09-23,AMD_COMPRESSION_BREAKOUT,ALIGNED,UP,21,false,20,UP,0.66054,6.3,2.4,6.3,3.9,true,5.6,0,6.3,6.3,false,4.2,3,6.3,3.3,false,10.2,-0.2,10.2,10.4,true,3,0,10.2,10.2,false,0.4,-6.2,10.2,16.4,false,13,10.2,-0.2,11
2025-09-24,AMD_SHIFTED,CONFLICTED,DOWN,12,false,39,DOWN,0.66115,7.1,5.6,7.1,1.5,true,10.2,9.1,10.2,1.1,true,20.7,17.6,20.7,3.1,true,24.9,18.7,24.9,6.2,true,27.9,20,27.9,7.9,true,26.7,25.4,27.9,2.5,false,14,27.9,20,15
2025-09-25,AMD_TEXTBOOK,ALIGNED,UP,18,true,16,DOWN,0.65988,8.5,8.5,8.5,0,true,16.4,16,16.4,0.4,true,43.6,38.2,43.6,5.4,true,54.8,52.4,54.8,2.4,true,54.6,51,54.8,3.8,false,55.4,49,55.4,6.4,true,15,55.4,49,14
2025-09-26,AMD_FAILED,ALIGNED,DOWN,5,true,18,UP,0.65274,0.6,-4.8,0.6,5.4,true,3.4,-0.4,3.4,3.8,true,12.6,10.9,12.6,1.7,true,17,14.2,17,2.8,true,19.8,15.5,19.8,4.3,true,21,17,21,4,true,15,21,17,-1
2025-09-29,AMD_FAILED,ALIGNED,DOWN,5,false,26,UP,0.6567,1.2,-4,1.2,5.2,true,0.6,0.6,1.2,0.6,false,5.4,1,5.4,4.4,true,5.1,-0.4,5.4,5.8,false,11,9.2,11,1.8,true,13.2,9.4,13.2,3.8,true,15,13.2,9.4,11
2025-09-30,AMD_SHIFTED,CONFLICTED,UP,12,false,38,UP,0.66121,1.3,-3,1.3,4.3,true,-0.9,-2.3,1.3,3.6,false,3.9,0.4,3.9,3.5,true,10.5,7.3,10.5,3.2,true,16.5,15.3,16.5,1.2,true,15.5,0.7,16.5,15.8,false,14,16.5,15.3,11
2025-10-01,AMD_FAILED,CONFLICTED,UP,9,false,28,DOWN,0.66126,6.6,2.7,6.6,3.9,true,2.8,-2.5,6.6,9.1,false,6.8,-7.2,6.8,14,true,-1.1,-3.6,6.8,10.4,false,7,2.4,7,4.6,true,13.4,9.6,13.4,3.8,true,15,13.4,9.6,11
2025-10-02,AMD_COMPRESSION_BREAKOUT,ALIGNED,DOWN,9,false,22,DOWN,0.66158,5,2.1,5,2.9,true,12.8,9.4,12.8,3.4,true,16.6,13.6,16.6,3,true,26.4,22.5,26.4,3.9,true,32.2,29.6,32.2,2.6,true,38.9,30.2,38.9,8.7,true,15,38.9,30.2,-1
2025-10-03,AMD_FAILED,ALIGNED,DOWN,5,true,20,UP,0.66066,0.4,-2.6,0.4,3,true,0.2,-1.4,0.4,1.8,false,1.2,-0.2,1.2,1.4,true,0.9,-4.7,1.2,5.9,false,3.6,-2.9,3.6,6.5,true,7.6,6.5,7.6,1.1,true,15,7.6,6.5,11
2025-10-06,AMD_TEXTBOOK,ALIGNED,DOWN,14,true,26,UP,0.65974,0.1,-2.6,0.1,2.7,true,2.5,0.7,2.5,1.8,true,13.1,12.6,13.1,0.5,true,21.8,19,21.8,2.8,true,23.3,19.8,23.3,3.5,true,23,20.8,23.3,2.5,false,14,23.3,19.8,15
2025-10-07,AMD_SHIFTED,CONFLICTED,UP,5,true,39,UP,0.65952,1.9,-2.2,1.9,4.1,true,-1.8,-8.6,1.9,10.5,false,-6.6,-8.2,1.9,10.1,false,1.8,-2.7,1.9,4.6,true,-0.4,-7.2,1.9,9.1,false,-0.2,-9.8,1.9,11.7,true,10,1.9,-2.2,11
2025-10-08,AMD_SHIFTED,ALIGNED,DOWN,8,true,24,UP,0.6561,17,14.8,17,2.2,true,15.8,10.6,17,6.4,false,19.8,18.8,19.8,1,true,27.6,20.5,27.6,7.1,true,24.4,21.9,27.6,5.7,false,26,19.9,27.6,7.7,true,13,27.6,20.5,11
2025-10-09,AMD_SHIFTED,ALIGNED,DOWN,14,true,40,UP,0.65956,2.4,0.3,2.4,2.1,true,5.6,2,5.6,3.6,true,14.5,10.6,14.5,3.9,true,16.8,-10.4,16.8,27.2,true,-10.6,-32.4,16.8,49.2,false,-30.8,-41.2,16.8,58,false,13,16.8,-10.4,14
2025-10-10,AMD_FAILED,ALIGNED,UP,7,true,28,DOWN,0.65522,2.4,1.4,2.4,1,true,1.4,0.2,2.4,2.2,false,0.4,-3,2.4,5.4,false,5.6,5.6,5.6,0,true,14.4,13.8,14.4,0.6,true,69.2,59,69.2,10.2,true,15,69.2,59,11
2025-10-13,AMD_SHIFTED,CONFLICTED,DOWN,7,false,35,DOWN,0.65232,4.6,2.6,4.6,2,true,17.2,15.7,17.2,1.5,true,17,14.4,17.2,2.8,false,15.1,4.6,17.2,12.6,false,18.2,11.1,18.2,7.1,true,12.6,5,18.2,13.2,false,14,18.2,11.1,12
2025-10-14,AMD_NONE,ALIGNED,UP,12,true,72,DOWN,0.64483,7.9,3.1,7.9,4.8,true,4.9,-6.2,7.9,14.1,false,5.9,1.3,7.9,6.6,true,1.7,-11.7,7.9,19.6,false,-11.5,-36.3,7.9,44.2,false,-31.9,-42.1,7.9,50,false,10,7.9,3.1,11
2025-10-15,AMD_SHIFTED,ALIGNED,UP,5,false,37,DOWN,0.65212,5,-0.3,5,5.3,true,7.4,6.8,7.4,0.6,true,13.9,12.7,13.9,1.2,true,17.4,11.2,17.4,6.2,true,11,4.6,17.4,12.8,false,12.7,8.8,17.4,8.6,true,13,17.4,11.2,14
2025-10-16,AMD_SHIFTED,CONFLICTED,DOWN,6,false,36,DOWN,0.6507,1.6,-0.8,1.6,2.4,true,2.7,0.4,2.7,2.3,true,11.2,6.5,11.2,4.7,true,20.7,20.7,20.7,0,true,21.1,3.9,21.1,17.2,true,17.2,16.2,21.1,4.9,false,14,21.1,3.9,15
2025-10-17,AMD_SHIFTED,ALIGNED,DOWN,11,true,48,UP,0.64678,12.4,10.4,12.4,2,true,34.9,19,34.9,15.9,true,24.8,7.2,34.9,27.7,false,16.3,9.5,34.9,25.4,false,18.6,16.7,34.9,18.2,true,20.4,17.7,34.9,17.2,true,11,34.9,19,12
2025-10-20,AMD_FAILED,CONFLICTED,UP,5,true,23,DOWN,0.64928,3.4,2.6,3.4,0.8,true,8.2,2.3,8.2,5.9,true,5.5,0.2,8.2,8,false,2.4,-7,8.2,15.2,false,-5.6,-18.4,8.2,26.6,false,-16.2,-22.9,8.2,31.1,false,11,8.2,2.3,12
2025-10-21,AMD_SHIFTED,ALIGNED,DOWN,11,false,39,UP,0.64866,2.4,1.8,2.4,0.6,true,11.6,6.2,11.6,5.4,true,9.2,8.9,11.6,2.7,false,9.2,-10,11.6,21.6,false,5.5,4.1,11.6,7.5,false,13.5,11.4,13.5,2.1,true,15,13.5,11.4,12
2025-10-22,AMD_COMPRESSION_BREAKOUT,ALIGNED,DOWN,14,false,29,DOWN,0.64955,8.5,8.5,8.5,0,true,13.7,11.1,13.7,2.6,true,11.4,6.8,13.7,6.9,false,9.9,2.6,13.7,11.1,false,12.1,2.4,13.7,11.3,true,3.2,-5.7,13.7,19.4,false,11,13.7,11.1,12
2025-10-23,AMD_FAILED,CONFLICTED,UP,7,false,30,DOWN,0.65118,8.4,6.5,8.4,1.9,true,10.2,10.1,10.2,0.1,true,13.4,6.8,13.4,6.6,true,7.8,2.9,13.4,10.5,false,5.4,-4.8,13.4,18.2,false,3.4,-3,13.4,16.4,false,12,13.4,6.8,13
2025-10-24,AMD_SHIFTED,ALIGNED,DOWN,10,true,23,UP,0.64956,3.2,0.8,3.2,2.4,true,5,4.8,5,0.2,true,33.4,22.3,33.4,11.1,true,26.4,17.6,33.4,15.8,false,18,3.5,33.4,29.9,false,14.4,13.8,33.4,19.6,false,12,33.4,22.3,13
2025-10-27,AMD_COMPRESSION_BREAKOUT,CONFLICTED,UP,25,false,20,UP,0.65574,1.9,-2,1.9,3.9,true,1.8,-0.2,1.9,2.1,false,1.4,-1.8,1.9,3.7,false,2.2,-8,2.2,10.2,true,-5.2,-8.1,2.2,10.3,false,-2.8,-4.3,2.2,6.5,true,13,2.2,-8,11
2025-10-28,AMD_FAILED,CONFLICTED,UP,6,false,17,DOWN,0.65568,1.2,-3.2,1.2,4.4,true,2.1,1.9,2.1,0.2,true,3.6,2.4,3.6,1.2,true,5.8,-2.6,5.8,8.4,true,-2.3,-20.1,5.8,25.9,false,-18.4,-27.3,5.8,33.1,false,13,5.8,-2.6,14
2025-10-29,AMD_SHIFTED,ALIGNED,DOWN,21,false,39,UP,0.65996,3.5,1.6,3.5,1.9,true,2.2,-4,3.5,7.5,false,-2.2,-2.2,3.5,5.7,false,8.8,3.8,8.8,5,true,5.4,5.4,8.8,3.4,false,14.6,12.2,14.6,2.4,true,15,14.6,12.2,11
2025-10-30,AMD_COMPRESSION_BREAKOUT,ALIGNED,DOWN,13,false,24,DOWN,0.65688,4.4,3.4,4.4,1,true,14.3,13.2,14.3,1.1,true,30.6,30,30.6,0.6,true,36.2,21.3,36.2,14.9,true,25.2,20.3,36.2,15.9,false,21.1,14.7,36.2,21.5,false,13,36.2,21.3,14
2025-10-31,AMD_SHIFTED,ALIGNED,UP,5,true,27,DOWN,0.65414,0.9,-0.3,0.9,1.2,true,4.2,-1.4,4.2,5.6,true,5.6,4.6,5.6,1,true,8,-5.4,8,13.4,true,1.5,-10.6,8,18.6,false,-0.5,-4.2,8,12.2,false,13,8,-5.4,14
2025-11-03,AMD_COMPRESSION_BREAKOUT,CONFLICTED,DOWN,7,false,22,DOWN,0.65468,3,2,3,1,true,2.2,-1.8,3,4.8,false,-0.5,-0.6,3,3.6,false,9.3,7.6,9.3,1.7,true,21.8,16.3,21.8,5.5,true,29.2,19.6,29.2,9.6,true,15,29.2,19.6,11
2025-11-04,AMD_SHIFTED,CONFLICTED,DOWN,21,false,33,DOWN,0.64948,2.9,-7.2,2.9,10.1,true,-2.6,-2.6,2.9,5.5,false,3.6,-0.3,3.6,3.9,true,3.6,2.3,3.6,1.3,false,13.8,1.7,13.8,12.1,true,2.6,-7.8,13.8,21.6,false,14,13.8,1.7,11
2025-11-05,AMD_SHIFTED,ALIGNED,UP,8,false,41,DOWN,0.64817,4.4,2.5,4.4,1.9,true,7.9,2.7,7.9,5.2,true,4.7,-0.6,7.9,8.5,false,2.1,-3.9,7.9,11.8,false,-0.9,-14,7.9,21.9,false,-4.3,-18.1,7.9,26,false,11,7.9,2.7,12
2025-11-06,AMD_FAILED,CONFLICTED,DOWN,7,true,21,UP,0.65136,1.3,-6.3,1.3,7.6,true,-3.2,-5.6,1.3,6.9,false,1.4,0.4,1.4,1,true,5.1,-4.8,5.1,9.9,true,-3.9,-32.4,5.1,37.5,false,-27.4,-44.4,5.1,49.5,false,13,5.1,-4.8,11
2025-11-07,AMD_FAILED,CONFLICTED,DOWN,6,true,23,UP,0.64824,5.6,3,5.6,2.6,true,4.5,3.3,5.6,2.3,false,5.6,-2.6,5.6,8.2,true,10.8,4.9,10.8,5.9,true,7.6,1.2,10.8,9.6,false,5,-10.2,10.8,21,false,13,10.8,4.9,11
2025-11-10,AMD_SHIFTED,CONFLICTED,UP,11,false,37,UP,0.65373,0.8,-5.1,0.8,5.9,true,-1.6,-3.3,0.8,4.1,false,0.1,-5.1,0.8,5.9,true,1,-8,1,9,true,-8.3,-10.1,1,11.1,false,-7.7,-20.7,1,21.7,true,13,1,-8,11
2025-11-11,AMD_COMPRESSION_BREAKOUT,CONFLICTED,UP,6,false,21,UP,0.65188,4.5,4.4,4.5,0.1,true,7.4,7.1,7.4,0.3,true,9.6,3.6,9.6,6,true,19.2,16.6,19.2,2.6,true,19.2,17.5,19.2,1.7,false,17.8,2.8,19.2,16.4,false,13,19.2,16.6,15
2025-11-12,AMD_FAILED,CONFLICTED,UP,7,false,25,DOWN,0.65332,2.8,1.2,2.8,1.6,true,2.5,-2.5,2.8,5.3,false,-2.3,-10.2,2.8,13,false,-1.6,-4,2.8,6.8,true,2,0.4,2.8,2.4,true,1.6,-6.4,2.8,9.2,false,10,2.8,1.2,11
2025-11-13,AMD_SHIFTED,ALIGNED,DOWN,6,false,44,UP,0.65728,0.3,-4.2,0.3,4.5,true,-3.6,-10.5,0.3,10.8,false,-6.4,-7.6,0.3,7.9,false,-7.2,-19.6,0.3,19.9,false,-16.8,-25.3,0.3,25.6,false,-17.6,-19.9,0.3,20.2,false,10,0.3,-4.2,11
2025-11-14,AMD_COMPRESSION_BREAKOUT,ALIGNED,DOWN,11,false,27,DOWN,0.65212,6.7,6.3,6.7,0.4,true,17.6,11.4,17.6,6.2,true,13.7,-5.2,17.6,22.8,false,2.8,-2.8,17.6,20.4,false,1.2,-13.7,17.6,31.3,false,-6.5,-25.1,17.6,42.7,false,11,17.6,11.4,12
2025-11-17,AMD_COMPRESSION_BREAKOUT,CONFLICTED,DOWN,17,false,25,DOWN,0.652,9,8.4,9,0.6,true,10.8,2.4,10.8,8.4,true,3.6,1.1,10.8,9.7,false,13,9.6,13,3.4,true,13.2,7.8,13.2,5.4,true,14.7,11.2,14.7,3.5,true,15,14.7,11.2,12
2025-11-18,AMD_COMPRESSION_BREAKOUT,CONFLICTED,UP,14,false,33,UP,0.64958,4.6,4.2,4.6,0.4,true,8.8,7.3,8.8,1.5,true,9.2,6.4,9.2,2.8,true,16.4,10.2,16.4,6.2,true,13.4,2.2,16.4,14.2,false,4.6,-8.9,16.4,25.3,false,13,16.4,10.2,14
2025-11-19,AMD_FAILED,CONFLICTED,DOWN,16,false,33,UP,0.6487,1.4,-1.2,1.4,2.6,true,5.2,2.6,5.2,2.6,true,5.8,2.6,5.8,3.2,true,3.3,-2.6,5.8,8.4,false,5.9,4.6,5.9,1.3,true,5,-22,5.9,27.9,false,14,5.9,4.6,13
2025-11-20,AMD_TEXTBOOK,ALIGNED,UP,8,true,16,DOWN,0.64829,1.5,-0.7,1.5,2.2,true,10.3,7.1,10.3,3.2,true,8.9,5.3,10.3,5,false,14.3,-8.1,14.3,22.4,true,-1.5,-13.9,14.3,28.2,false,10.5,6.1,14.3,8.2,true,13,14.3,-8.1,12
2025-11-21,AMD_TEXTBOOK,ALIGNED,UP,17,true,22,DOWN,0.64362,13.2,1,13.2,12.2,true,7.2,5.2,13.2,8,false,14.8,-9,14.8,23.8,true,-5.5,-13.2,14.8,28,false,5.6,0.3,14.8,14.5,true,13,3.4,14.8,11.4,true,12,14.8,-9,11
2025-11-24,AMD_TEXTBOOK,ALIGNED,DOWN,18,true,19,UP,0.64464,5.1,3.8,5.1,1.3,true,7.6,4.2,7.6,3.4,true,10.1,8.9,10.1,1.2,true,13.4,7.6,13.4,5.8,true,12.7,7,13.4,6.4,false,13.8,11.6,13.8,2.2,true,15,13.8,11.6,14
2025-11-25,AMD_FAILED,CONFLICTED,UP,7,true,21,DOWN,0.64586,3.4,3,3.4,0.4,true,13.6,9.8,13.6,3.8,true,10.4,3.5,13.6,10.1,false,3.5,-2.8,13.6,16.4,false,22.3,4.8,22.3,17.5,true,13.3,11.3,22.3,11,false,14,22.3,4.8,12
2025-11-26,AMD_SHIFTED,ALIGNED,DOWN,10,false,43,UP,0.64995,2.5,-8.1,2.5,10.6,true,-5.7,-8.1,2.5,10.6,false,-6.1,-6.9,2.5,9.4,false,5.3,-8.7,5.3,14,true,1.7,-3.3,5.3,8.6,false,10.2,9.7,10.2,0.5,true,15,10.2,9.7,11
2025-11-27,AMD_FAILED,ALIGNED,DOWN,11,false,17,UP,0.6524,5,-0.2,5,5.2,true,4.5,3.4,5,1.6,false,5.3,1.8,5.3,3.5,true,4.5,2.8,5.3,2.5,false,4.4,3.3,5.3,2,false,10.2,9.6,10.2,0.6,true,15,10.2,9.6,11
2025-11-28,AMD_SHIFTED,CONFLICTED,UP,6,true,19,UP,0.65247,1.9,-1.4,1.9,3.3,true,1.7,-0.9,1.9,2.8,false,5.1,1.1,5.1,4,true,12.1,10.9,12.1,1.2,true,15,12.4,15,2.6,true,34.9,33.3,34.9,1.6,true,15,34.9,33.3,11
2025-12-01,AMD_FAILED,ALIGNED,DOWN,7,true,19,UP,0.65498,3,-0.5,3,3.5,true,4.8,4.4,4.8,0.4,true,13.7,13.7,13.7,0,true,16.8,10.4,16.8,6.4,true,11,10.8,16.8,6,false,14.6,4,16.8,12.8,true,13,16.8,10.4,14
2025-12-02,AMD_SHIFTED,ALIGNED,DOWN,10,true,20,UP,0.65484,0.8,-2.6,0.8,3.4,true,2.4,0.2,2.4,2.2,true,6.8,6.2,6.8,0.6,true,14.5,14.5,14.5,0,true,20,14.4,20,5.6,true,22.4,21.4,22.4,1,true,15,22.4,21.4,-1
2025-12-03,AMD_COMPRESSION_BREAKOUT,CONFLICTED,UP,8,false,34,UP,0.65818,7.7,6.6,7.7,1.1,true,9.5,7.4,9.5,2.1,true,10.8,7,10.8,3.8,true,14.6,8.9,14.6,5.7,true,9.6,3,14.6,11.6,false,16.7,15.8,16.7,0.9,true,15,16.7,15.8,14
2025-12-04,AMD_FAILED,ALIGNED,DOWN,7,false,14,UP,0.6616,1.8,-5.2,1.8,7,true,-3.6,-4.6,1.8,6.4,false,-1.8,-7.8,1.8,9.6,true,-5.9,-8,1.8,9.8,false,2.2,-4.5,2.2,6.7,true,8,3.8,8,4.2,true,15,8,3.8,11
2025-12-05,AMD_SHIFTED,CONFLICTED,UP,9,false,24,UP,0.66308,5.8,4.6,5.8,1.2,true,5.4,-1.2,5.8,7,false,7.8,7.7,7.8,0.1,true,13.2,10.7,13.2,2.5,true,14.8,13,14.8,1.8,true,18.2,11.7,18.2,6.5,true,15,18.2,11.7,11
2025-12-08,AMD_FAILED,ALIGNED,DOWN,3,false,16,UP,0.66359,3.3,0,3.3,3.3,true,0.9,-2.1,3.3,5.4,false,4,3.1,4,0.9,true,7.8,1.1,7.8,6.7,true,5.4,-5.5,7.8,13.3,false,-5.7,-18.3,7.8,26.1,false,13,7.8,1.1,11
2025-12-09,AMD_SHIFTED,CONFLICTED,UP,11,false,41,UP,0.66452,0.3,-6.4,0.3,6.7,true,-5,-7,0.3,7.3,false,-5,-8,0.3,8.3,false,-3.4,-6.8,0.3,7.1,true,2.4,1.1,2.4,1.3,true,9.2,-1.5,9.2,10.7,true,15,9.2,-1.5,11
2025-12-10,AMD_FAILED,CONFLICTED,UP,7,false,22,DOWN,0.66491,4.9,2.1,4.9,2.8,true,5.8,1.7,5.8,4.1,true,4.3,2.5,5.8,3.3,false,12.5,6.8,12.5,5.7,true,15.1,10.5,15.1,4.6,true,19.6,12.3,19.6,7.3,true,15,19.6,12.3,12
2025-12-11,AMD_NONE,CONFLICTED,UP,9,false,52,UP,0.66518,3.1,2.9,3.1,0.2,true,9.2,6.1,9.2,3.1,true,9.2,6.2,9.2,3,false,15.8,12.7,15.8,3.1,true,24.1,7.8,24.1,16.3,true,21.1,20.6,24.1,3.5,false,14,24.1,7.8,15
2025-12-12,AMD_TEXTBOOK,ALIGNED,UP,8,true,15,DOWN,0.66693,8.1,0.9,8.1,7.2,true,7.1,2.7,8.1,5.4,false,8.2,6,8.2,2.2,true,8.5,5.9,8.5,2.6,true,8.1,2.9,8.5,5.6,false,29.1,26.1,29.1,3,true,15,29.1,26.1,11
2025-12-15,AMD_FAILED,ALIGNED,UP,6,true,15,DOWN,0.66483,6.6,1.8,6.6,4.8,true,3.5,-1.9,6.6,8.5,false,-1.5,-5.5,6.6,12.1,false,-1.7,-1.9,6.6,8.5,false,2,0.3,6.6,6.3,true,8,-3.1,8,11.1,true,15,8,-3.1,11
2025-12-16,AMD_FAILED,ALIGNED,UP,6,false,25,DOWN,0.66346,0.8,-1.3,0.8,2.1,true,1.2,-2.6,1.2,3.8,true,2.7,-3.6,2.7,6.3,true,0.2,-11.4,2.7,14.1,false,-7.6,-21,2.7,23.7,false,5.6,-4.8,5.6,10.4,true,15,5.6,-4.8,13
2025-12-17,AMD_FAILED,ALIGNED,UP,7,true,21,DOWN,0.66142,1,-5.1,1,6.1,true,1.6,-2.8,1.6,4.4,true,-2.1,-9.8,1.6,11.4,false,-2.5,-9.2,1.6,10.8,false,-1.6,-11.4,1.6,13,true,7.2,3,7.2,4.2,true,15,7.2,3,12
2025-12-18,AMD_FAILED,CONFLICTED,DOWN,5,true,20,UP,0.6605,3.5,2.3,3.5,1.2,true,4,3.6,4,0.4,true,6.6,0.4,6.6,6.2,true,26.8,17.7,26.8,9.1,true,25.8,18,26.8,8.8,false,22,10.8,26.8,16,false,13,26.8,17.7,14
2025-12-19,AMD_FAILED,ALIGNED,UP,7,true,23,DOWN,0.66085,2.6,-0.1,2.6,2.7,true,5.3,2.6,5.3,2.7,true,6.1,5,6.1,1.1,true,7.3,-1.9,7.3,9.2,true,-1.5,-13.1,7.3,20.4,false,1.8,0.3,7.3,7,true,13,7.3,-1.9,14
2025-12-22,AMD_SHIFTED,ALIGNED,DOWN,3,true,29,UP,0.66394,3.6,1.1,3.6,2.5,true,3.8,3.8,3.8,0,true,7.2,7,7.2,0.2,true,10.8,6.9,10.8,3.9,true,16,12,16,4,true,18,17.8,18,0.2,true,15,18,17.8,-1
2025-12-23,AMD_SHIFTED,CONFLICTED,UP,18,false,23,UP,0.66929,4.6,2.9,4.6,1.7,true,3.1,-0.9,4.6,5.5,false,3.6,0.7,4.6,3.9,true,7.6,-6.9,7.6,14.5,true,-3.1,-13.6,7.6,21.2,false,-1.1,-1.4,7.6,9,true,13,7.6,-6.9,11
2025-12-24,AMD_FAILED,ALIGNED,DOWN,6,true,20,UP,0.67126,1.2,0.2,1.2,1,true,1.4,-2,1.4,3.4,true,1.4,-9,1.4,10.4,false,-5.4,-6.5,1.4,7.9,false,-3,-6.5,1.4,7.9,true,0.2,-0.5,1.4,1.9,true,11,1.4,-2,13
2025-12-26,AMD_FAILED,ALIGNED,DOWN,5,true,18,UP,0.66978,6.2,4.6,6.2,1.6,true,8.6,6.9,8.6,1.7,true,9.4,9.2,9.4,0.2,true,20.2,18.6,20.2,1.6,true,23.6,20,23.6,3.6,true,27,17.8,27,9.2,true,15,27,17.8,-1
2025-12-29,AMD_COMPRESSION_BREAKOUT,ALIGNED,DOWN,19,false,17,DOWN,0.66996,0,-0.4,0,0.4,false,4.8,4.4,4.8,0.4,true,16.5,9.9,16.5,6.6,true,11.2,5.9,16.5,10.6,false,12.8,5.6,16.5,10.9,true,14.4,3.8,16.5,12.7,true,12,16.5,9.9,13
2025-12-30,AMD_COMPRESSION_BREAKOUT,ALIGNED,DOWN,4,false,26,DOWN,0.67046,0.1,-3.4,0.1,3.5,true,5.8,4,5.8,1.8,true,6.2,2.8,6.2,3.4,true,12.2,10.2,12.2,2,true,11,4.6,12.2,7.6,false,16.8,4,16.8,12.8,true,15,16.8,4,14
2025-12-31,AMD_FAILED,ALIGNED,DOWN,8,false,19,UP,0.66834,2,-4,2,6,true,4.6,2.2,4.6,2.4,true,6.6,4,6.6,2.6,true,4.5,0.1,6.6,6.5,false,0.6,-9.9,6.6,16.5,false,-9.8,-15,6.6,21.6,false,12,6.6,4,13
2026-01-02,AMD_TEXTBOOK,CONFLICTED,UP,11,true,25,DOWN,0.6699,6,1.2,6,4.8,true,10.6,8,10.6,2.6,true,10.5,7.2,10.6,3.4,false,12.2,11,12.2,1.2,true,11.4,5.9,12.2,6.3,false,12.4,11.3,12.4,1.1,true,15,12.4,11.3,12
2026-01-06,AMD_SHIFTED,ALIGNED,DOWN,14,false,36,UP,0.67168,6.2,0,6.2,6.2,true,2.6,1.2,6.2,5,false,6,0.4,6.2,5.8,true,11,10.1,11,0.9,true,19.1,14.9,19.1,4.2,true,15.2,13.2,19.1,5.9,false,14,19.1,14.9,11
2026-01-07,AMD_NONE,ALIGNED,DOWN,5,false,50,UP,0.6738,3.2,0,3.2,3.2,true,3.4,0.8,3.4,2.6,true,3.1,-5.2,3.4,8.6,false,1.8,1.4,3.4,2,false,8.4,4,8.4,4.4,true,5.2,-10.4,8.4,18.8,false,14,8.4,4,12
2026-01-08,AMD_SHIFTED,CONFLICTED,UP,8,true,35,UP,0.66931,5.9,5.7,5.9,0.2,true,7.4,4.1,7.4,3.3,true,6.7,4.3,7.4,3.1,false,6.3,-0.3,7.4,7.7,false,0.1,-2.7,7.4,10.1,false,8.1,5.3,8.1,2.8,true,15,8.1,5.3,12
2026-01-09,AMD_SHIFTED,CONFLICTED,DOWN,6,true,20,DOWN,0.66811,3.2,1.3,3.2,1.9,true,1.7,-1.8,3.2,5,false,7.1,5.3,7.1,1.8,true,13.4,-8.7,13.4,22.1,true,4.9,0.1,13.4,13.3,false,17.5,0.5,17.5,17,true,15,17.5,0.5,11
2026-01-12,AMD_COMPRESSION_BREAKOUT,ALIGNED,UP,7,false,24,UP,0.6707,4.9,4.7,4.9,0.2,true,5.4,-0.8,5.4,6.2,true,4.4,2.8,5.4,2.6,false,11.1,8.6,11.1,2.5,true,8.8,3,11.1,8.1,false,13.6,12.8,13.6,0.8,true,15,13.6,12.8,12
2026-01-13,AMD_FAILED,CONFLICTED,DOWN,6,true,15,UP,0.67058,0.6,-7,0.6,7.6,true,-0.9,-1.4,0.6,2,false,-1,-6,0.6,6.6,false,21.7,3.4,21.7,18.3,true,8.6,-7,21.7,28.7,false,-6.7,-18.8,21.7,40.5,false,13,21.7,3.4,11
2026-01-14,AMD_COMPRESSION_BREAKOUT,CONFLICTED,DOWN,9,false,25,DOWN,0.6696,12.8,10.9,12.8,1.9,true,16.6,13.9,16.6,2.7,true,18.6,11.4,18.6,7.2,true,20.4,16.7,20.4,3.7,true,17.2,12.2,20.4,8.2,false,19.8,12.8,20.4,7.6,true,13,20.4,16.7,14
2026-01-15,AMD_TEXTBOOK,ALIGNED,UP,16,true,19,DOWN,0.66956,1,-3,1,4,true,-0.8,-1.6,1,2.6,false,7.9,5.9,7.9,2,true,19.8,17.8,19.8,2,true,20.9,11,20.9,9.9,true,11,-4.3,20.9,25.2,false,14,20.9,11,11
2026-01-16,AMD_FAILED,ALIGNED,UP,5,true,12,DOWN,0.67018,0.8,-4.2,0.8,5,true,-1.8,-2,0.8,2.8,false,3.2,2,3.2,1.2,true,10.7,7.4,10.7,3.3,true,16.6,15.2,16.6,1.4,true,30.7,22.2,30.7,8.5,true,15,30.7,22.2,11
2026-01-19,AMD_COMPRESSION_BREAKOUT,ALIGNED,UP,9,false,24,UP,0.6697,8.9,3.4,8.9,5.5,true,6.8,5.9,8.9,3,false,8.8,6.8,8.9,2.1,true,11,8.6,11,2.4,true,13.9,12.2,13.9,1.7,true,17.2,14.4,17.2,2.8,true,15,17.2,14.4,11
2026-01-20,AMD_SHIFTED,ALIGNED,DOWN,20,true,38,UP,0.67286,5.8,3.4,5.8,2.4,true,10.4,6.8,10.4,3.6,true,9.6,2.2,10.4,8.2,false,9.8,1.6,10.4,8.8,true,8.2,5.2,10.4,5.2,false,16.8,13.2,16.8,3.6,true,15,16.8,13.2,12
2026-01-21,AMD_COMPRESSION_BREAKOUT,CONFLICTED,UP,6,false,28,UP,0.67474,1,-1.1,1,2.1,true,4.6,2.5,4.6,2.1,true,21.3,20.3,21.3,1,true,26,23.7,26,2.3,true,26.2,25.8,26.2,0.4,true,30.8,23.3,30.8,7.5,true,15,30.8,23.3,-1
2026-01-22,AMD_NONE,ALIGNED,DOWN,7,true,57,UP,0.68021,2.9,0.9,2.9,2,true,2.8,0.5,2.9,2.4,false,7.5,4.7,7.5,2.8,true,13.4,12.9,13.4,0.5,true,18.5,11.1,18.5,7.4,true,23.9,23.5,23.9,0.4,true,15,23.9,23.5,11
2026-01-23,AMD_COMPRESSION_BREAKOUT,CONFLICTED,UP,9,false,18,UP,0.684,6,6,6,0,true,14.3,12,14.3,2.3,true,25.4,24.7,25.4,0.7,true,27.4,10,27.4,17.4,true,23.8,23.4,27.4,4,false,33.6,32.4,33.6,1.2,true,15,33.6,32.4,14
2026-01-26,AMD_TEXTBOOK,CONFLICTED,UP,16,true,22,DOWN,0.69222,0.9,0.8,0.9,0.1,true,7.2,0.8,7.2,6.4,true,7.9,6.8,7.9,1.1,true,14.8,4.6,14.8,10.2,true,7.2,-17.4,14.8,32.2,false,-6.2,-17,14.8,31.8,false,13,14.8,4.6,14
2026-01-27,AMD_TEXTBOOK,ALIGNED,DOWN,14,true,22,UP,0.69274,4.6,0.2,4.6,4.4,true,5.1,4.2,5.1,0.9,true,20,18.8,20,1.2,true,25.2,17.6,25.2,7.6,true,37.6,32.6,37.6,5,true,46.6,37.9,46.6,8.7,true,15,46.6,37.9,-1
2026-01-28,AMD_SHIFTED,CONFLICTED,UP,12,false,42,UP,0.70022,12.2,6.8,12.2,5.4,true,6.8,-0.2,12.2,12.4,false,6.1,-0.4,12.2,12.6,false,0.6,-6,12.2,18.2,false,6,-3.4,12.2,15.6,true,3.7,-3.6,12.2,15.8,false,10,12.2,6.8,11
2026-01-29,AMD_NONE,ALIGNED,DOWN,17,false,73,UP,0.70562,0.9,-23.7,0.9,24.6,true,-15.6,-17.8,0.9,18.7,false,4.4,3.8,4.4,0.6,true,14.8,9.4,14.8,5.4,true,26.4,4,26.4,22.4,true,5.3,-78.4,26.4,104.8,false,14,26.4,4,11
2026-01-30,AMD_NONE,ALIGNED,DOWN,30,true,76,UP,0.69759,24.5,20.4,24.5,4.1,true,48.5,47.5,48.5,1,true,56.3,29,56.3,27.3,true,43.8,15.4,56.3,40.9,false,50.7,36.7,56.3,19.6,true,50.2,29.1,56.3,27.2,false,12,56.3,29,13
2026-02-02,AMD_NONE,CONFLICTED,UP,24,false,62,UP,0.69643,4.1,-7.4,4.1,11.5,true,6.4,-7.1,6.4,13.5,true,1.8,-4.5,6.4,10.9,false,-4.1,-16.7,6.4,23.1,false,3.7,-4.9,6.4,11.3,true,2.4,-19.7,6.4,26.1,false,11,6.4,-7.1,12
2026-02-03,AMD_NONE,ALIGNED,DOWN,38,false,94,UP,0.70062,7.4,-4.1,7.4,11.5,true,3.6,-6.8,7.4,14.2,false,8,5.8,8,2.2,true,9.6,2,9.6,7.6,true,2.5,-14.7,9.6,24.3,false,9.1,7.8,9.6,1.8,true,13,9.6,2,11
2026-02-04,AMD_TEXTBOOK,CONFLICTED,DOWN,19,true,23,UP,0.70206,4.1,-1.6,4.1,5.7,true,2.4,0.6,4.1,3.5,false,13.4,9.2,13.4,4.2,true,15.4,12.4,15.4,3,true,13,-7.2,15.4,22.6,false,0.2,-22.4,15.4,37.8,false,13,15.4,12.4,11
2026-02-05,AMD_SHIFTED,ALIGNED,UP,15,true,49,DOWN,0.69669,1.9,-8.3,1.9,10.2,true,-6.6,-14,1.9,15.9,false,4.1,-2.9,4.1,7,true,0.9,-2.6,4.1,6.7,false,7.7,-2.8,7.7,10.5,true,26.7,14.1,26.7,12.6,true,15,26.7,14.1,11
2026-02-06,AMD_NONE,ALIGNED,UP,19,false,67,DOWN,0.69757,8.7,1.4,8.7,7.3,true,3.5,-10.1,8.7,18.8,false,-4,-8.1,8.7,16.8,false,-7.1,-18.5,8.7,27.2,false,-14.8,-33.7,8.7,42.4,false,-23.9,-30.4,8.7,39.1,false,10,8.7,1.4,11
2026-02-09,AMD_TEXTBOOK,CONFLICTED,UP,13,true,27,DOWN,0.70336,19.8,12.7,19.8,7.1,true,16,-2.4,19.8,22.2,false,-2.5,-15.4,19.8,35.2,false,-15.6,-23,19.8,42.8,false,-22.6,-46.8,19.8,66.6,false,-42.6,-55,19.8,74.8,false,10,19.8,12.7,11
2026-02-10,AMD_TEXTBOOK,ALIGNED,UP,9,true,26,DOWN,0.70738,4.8,0,4.8,4.8,true,2.7,-0.2,4.8,5,false,9,3.6,9,5.4,true,7.4,-1,9,10,false,5.2,-10.2,9,19.2,false,1.4,-11.2,9,20.2,false,12,9,3.6,11
2026-02-11,AMD_NONE,ALIGNED,DOWN,9,true,55,UP,0.7114,10,6.4,10,3.6,true,8.7,-2.2,10,12.2,false,-0.4,-2.4,10,12.4,false,5.8,1,10,9,true,22.5,12.2,22.5,10.3,true,15.8,-6,22.5,28.5,false,14,22.5,12.2,11
2026-02-12,AMD_SHIFTED,ALIGNED,DOWN,11,true,42,UP,0.71238,4.6,-0.4,4.6,5,true,6.1,5.2,6.1,0.9,true,7.7,-1.4,7.7,9.1,true,17.4,17.2,17.4,0.2,true,21.1,-0.8,21.1,21.9,true,9.8,9.8,21.1,11.3,false,14,21.1,-0.8,15
2026-02-13,AMD_NONE,ALIGNED,UP,19,true,54,DOWN,0.7072,11.1,9.7,11.1,1.4,true,26.6,21.6,26.6,5,true,27.1,18.6,27.1,8.5,true,25.4,1.4,27.1,25.7,false,24.8,21.2,27.1,5.9,false,21.6,11.2,27.1,15.9,false,12,27.1,18.6,13
2026-02-16,AMD_SHIFTED,ALIGNED,UP,9,false,27,DOWN,0.70838,2.8,-2.4,2.8,5.2,true,6.6,0.4,6.6,6.2,true,2.6,-1.7,6.6,8.3,false,3.6,0.5,6.6,6.1,true,12,6,12,6,true,15.8,15,15.8,0.8,true,15,15.8,15,12
2026-02-17,AMD_TEXTBOOK,CONFLICTED,UP,9,true,30,DOWN,0.70726,8.4,7.6,8.4,0.8,true,13.8,10.8,13.8,3,true,19.8,18.3,19.8,1.5,true,30.1,27.6,30.1,2.5,true,35.4,34.4,35.4,1,true,44.4,29.4,44.4,15,true,15,44.4,29.4,-1
2026-02-18,AMD_SHIFTED,ALIGNED,UP,10,true,21,DOWN,0.70779,5.9,4.7,5.9,1.2,true,8.9,6.7,8.9,2.2,true,9.1,7.9,9.1,1.2,true,21.7,21.7,21.7,0,true,26.9,15.5,26.9,11.4,true,15.9,5.9,26.9,21,false,14,26.9,15.5,15
2026-02-19,AMD_SHIFTED,ALIGNED,DOWN,17,false,36,UP,0.70598,3.4,-6,3.4,9.4,true,0.6,-13.6,3.4,17,false,-4.3,-12.5,3.4,15.9,false,-5.2,-7,3.4,10.4,false,-6.1,-24.5,3.4,27.9,false,7.9,-2.3,7.9,10.2,true,15,7.9,-2.3,11
2026-02-20,AMD_SHIFTED,CONFLICTED,UP,25,false,42,UP,0.70584,2.8,-3.9,2.8,6.7,true,-2.9,-11,2.8,13.8,false,-7,-15,2.8,17.8,false,-2.3,-6.4,2.8,9.2,true,2.4,1.6,2.8,1.2,true,30.4,27.6,30.4,2.8,true,15,30.4,27.6,11
2026-02-23,AMD_SHIFTED,CONFLICTED,UP,10,true,45,UP,0.7084,0.3,-6.6,0.3,6.9,true,-4.6,-13.4,0.3,13.7,false,-13.2,-19.2,0.3,19.5,false,-13.6,-15.8,0.3,16.1,false,-1.8,-6.4,0.3,6.7,true,-2.6,-23.8,0.3,24.1,false,10,0.3,-6.6,11
2026-02-24,AMD_COMPRESSION_BREAKOUT,ALIGNED,DOWN,9,false,25,DOWN,0.70634,9.2,8.7,9.2,0.5,true,19,16.6,19,2.4,true,26.2,20.8,26.2,5.4,true,31.2,28.8,31.2,2.4,true,36.8,25.3,36.8,11.5,true,28.7,10.8,36.8,26,false,14,36.8,25.3,15
2026-02-25,AMD_NONE,ALIGNED,DOWN,19,false,59,UP,0.70862,4.6,-3.4,4.6,8,true,-3.2,-5.8,4.6,10.4,false,6.2,6,6.2,0.2,true,11,3.6,11,7.4,true,13.2,6.7,13.2,6.5,true,23,23,23,0,true,15,23,23,11
2026-02-26,AMD_COMPRESSION_BREAKOUT,ALIGNED,DOWN,13,false,22,DOWN,0.71186,7.2,4.6,7.2,2.6,true,8,7.9,8,0.1,true,9.4,-1.2,9.4,10.6,true,7.8,7.6,9.4,1.8,false,16.6,14.1,16.6,2.5,true,51.6,19.2,51.6,32.4,true,15,51.6,19.2,13
2026-02-27,AMD_SHIFTED,ALIGNED,DOWN,11,false,36,UP,0.71142,0.7,-4.5,0.7,5.2,true,-2.4,-6.6,0.7,7.3,false,0.6,-9.6,0.7,10.3,true,-6.1,-16.1,0.7,16.8,false,1.6,-8.8,1.6,10.4,true,18,12,18,6,true,15,18,12,11
2026-03-02,AMD_NONE,CONFLICTED,UP,34,true,68,UP,0.70786,19.2,10.5,19.2,8.7,true,12.6,5.4,19.2,13.8,false,6.4,-19.8,19.2,39,false,-4.8,-21,19.2,40.2,false,5.2,-0.8,19.2,20,true,9,-20,19.2,39.2,true,10,19.2,10.5,11
2026-03-03,AMD_SHIFTED,ALIGNED,DOWN,38,false,46,UP,0.70406,5.8,-17,5.8,22.8,true,-11.8,-14.2,5.8,20,false,5.4,-9.4,5.8,15.2,true,-8.4,-29.2,5.8,35,false,-24.4,-65.2,5.8,71,false,-43.8,-45.2,5.8,51,false,10,5.8,-17,11
2026-03-04,AMD_NONE,ALIGNED,DOWN,18,true,59,UP,0.7039,34.5,7.3,34.5,27.2,true,20.8,10.8,34.5,23.7,false,26,3.6,34.5,30.9,true,22.3,15.6,34.5,18.9,false,19.7,8.2,34.5,26.3,false,33.2,32.1,34.5,2.4,true,10,34.5,7.3,11
2026-03-05,AMD_NONE,CONFLICTED,UP,36,true,61,UP,0.70448,4.9,1.7,4.9,3.2,true,13.6,4.4,13.6,9.2,true,13,5.8,13.6,7.8,false,7.2,-15,13.6,28.6,false,-5.9,-7.8,13.6,21.4,false,0.2,-31.6,13.6,45.2,true,11,13.6,4.4,12
2026-03-06,AMD_SHIFTED,ALIGNED,DOWN,47,false,39,UP,0.69998,13,10.4,13,2.6,true,16.8,-6.7,16.8,23.5,true,10.2,0.8,16.8,16,false,28.8,-16,28.8,44.8,true,-3.4,-9.6,28.8,38.4,false,21.8,4.6,28.8,24.2,true,13,28.8,-16,12
2026-03-09,AMD_NONE,ALIGNED,DOWN,28,true,66,UP,0.70156,6.6,0.4,6.6,6.2,true,10.2,-1.7,10.2,11.9,true,6.6,-4.6,10.2,14.8,false,19.5,11,19.5,8.5,true,28.2,19.2,28.2,9,true,33.9,28.8,33.9,5.1,true,15,33.9,28.8,12
2026-03-10,AMD_NONE,ALIGNED,DOWN,19,true,66,UP,0.71124,7.5,-1.6,7.5,9.1,true,12.6,8,12.6,4.6,true,8.6,2.8,12.6,9.8,false,14.3,1.9,14.3,12.4,true,35,33.8,35,1.2,true,42,37.2,42,4.8,true,15,42,37.2,12
2026-03-11,AMD_NONE,ALIGNED,DOWN,20,true,69,UP,0.71467,18,15.7,18,2.3,true,25.3,11.5,25.3,13.8,true,21.9,-0.3,25.3,25.6,false,22.3,21.1,25.3,4.2,true,40.9,32.3,40.9,8.6,true,35.2,2.9,40.9,38,false,14,40.9,32.3,12
2026-03-12,AMD_NONE,ALIGNED,DOWN,11,false,50,UP,0.71373,1.3,-3.1,1.3,4.4,true,11,-0.5,11,11.5,true,0.3,-6.4,11,17.4,false,-1.9,-40.5,11,51.5,false,-30.4,-46.7,11,57.7,false,-40.3,-48.7,11,59.7,false,11,11,-0.5,12
2026-03-13,AMD_NONE,CONFLICTED,UP,22,false,71,UP,0.70359,12.8,3.3,12.8,9.5,true,14.1,13.6,14.1,0.5,true,26.9,20.5,26.9,6.4,true,21.9,13.6,26.9,13.3,false,17,-11.7,26.9,38.6,false,-7,-33.6,26.9,60.5,false,12,26.9,20.5,13
2026-03-16,AMD_COMPRESSION_BREAKOUT,CONFLICTED,UP,15,false,25,UP,0.70248,25.8,25.4,25.8,0.4,true,29.6,25.7,29.6,3.9,true,34,26,34,8,true,48.4,47.4,48.4,1,true,51.4,38,51.4,13.4,true,40.4,30.4,51.4,21,false,14,51.4,38,15
2026-03-17,AMD_SHIFTED,CONFLICTED,UP,24,false,46,UP,0.70888,2,-3.8,2,5.8,true,1.5,-9.1,2,11.1,false,9,8.8,9,0.2,true,29.6,22.3,29.6,7.3,true,27,13.6,29.6,16,false,15.7,10.9,29.6,18.7,false,13,29.6,22.3,11
2026-03-18,AMD_COMPRESSION_BREAKOUT,CONFLICTED,DOWN,12,false,24,DOWN,0.71128,9.6,9,9.6,0.6,true,21.4,13,21.4,8.4,true,55.1,55,55.1,0.1,true,67.2,46.4,67.2,20.8,true,54.5,35.8,67.2,31.4,false,38.4,36,67.2,31.2,false,13,67.2,46.4,14
2026-03-19,AMD_TEXTBOOK,CONFLICTED,UP,37,true,32,DOWN,0.70578,9.4,6.8,9.4,2.6,true,23.9,14.9,23.9,9,true,46.7,38.6,46.7,8.1,true,58,18.2,58,39.8,true,27.8,12.1,58,45.9,false,30.8,22.4,58,35.6,true,13,58,18.2,14
2026-03-20,AMD_COMPRESSION_BREAKOUT,ALIGNED,DOWN,28,false,24,DOWN,0.7065,12.6,-0.4,12.6,13,true,1.2,-14.7,12.6,27.3,false,-6.7,-9.6,12.6,22.2,false,22.7,22.1,22.7,0.6,true,38.6,30.1,38.6,8.5,true,34.1,32.7,38.6,5.9,false,14,38.6,30.1,11
2026-03-23,AMD_NONE,CONFLICTED,UP,23,true,66,UP,0.69427,2,-19.7,2,21.7,true,101.1,42.7,101.1,58.4,true,91.1,87.7,101.1,13.4,false,90.8,86.9,101.1,14.2,false,120,103.8,120,16.2,true,116.6,50.4,120,69.6,false,14,120,103.8,12
2026-03-24,AMD_NONE,CONFLICTED,DOWN,36,false,59,DOWN,0.69732,8.4,-3,8.4,11.4,true,16.6,4,16.6,12.6,true,21.6,16.8,21.6,4.8,true,28.2,10,28.2,18.2,true,14.8,7,28.2,21.2,false,13.7,8.8,28.2,19.4,false,13,28.2,10,14
2026-03-25,AMD_SHIFTED,ALIGNED,UP,22,true,43,DOWN,0.6969,9.6,1.9,9.6,7.7,true,10.5,2.3,10.5,8.2,true,18,9.8,18,8.2,true,22.2,21.1,22.2,1.1,true,26.1,2.4,26.1,23.7,true,21.8,7.9,26.1,18.2,false,14,26.1,2.4,15
2026-03-26,AMD_COMPRESSION_BREAKOUT,CONFLICTED,DOWN,10,false,25,DOWN,0.69367,4.9,2.9,4.9,2,true,27.1,26.6,27.1,0.5,true,35.2,32.1,35.2,3.1,true,32.5,12.1,35.2,23.1,false,29.7,20.9,35.2,14.3,false,31.9,25.5,35.2,9.7,true,12,35.2,32.1,13
2026-03-27,AMD_SHIFTED,ALIGNED,UP,12,true,40,DOWN,0.6894,5.4,0.6,5.4,4.8,true,6.2,5.9,6.2,0.3,true,12.8,7,12.8,5.8,true,17.2,8,17.2,9.2,true,10.2,4.5,17.2,12.7,false,9.6,5.6,17.2,11.6,false,13,17.2,8,14
2026-03-30,AMD_TEXTBOOK,ALIGNED,UP,10,true,31,DOWN,0.68572,2.2,0.8,2.2,1.4,true,3.2,-2.4,3.2,5.6,true,2,-5,3.2,8.2,false,15.2,14.2,15.2,1,true,23.8,2,23.8,21.8,true,13.1,0,23.8,23.8,false,14,23.8,2,12
2026-03-31,AMD_SHIFTED,CONFLICTED,DOWN,12,true,41,DOWN,0.68555,5.3,4.4,5.3,0.9,true,5.6,-27.3,5.6,32.9,true,-17.6,-20.9,5.6,26.5,false,-15.5,-28.8,5.6,34.4,true,20.3,6.4,20.3,13.9,true,6.6,1.6,20.3,18.7,false,14,20.3,6.4,12
2026-04-01,AMD_SHIFTED,ALIGNED,UP,25,false,47,DOWN,0.6942,3.2,-2.4,3.2,5.6,true,-0.8,-12.4,3.2,15.6,false,5.4,1,5.4,4.4,true,8.4,-0.9,8.4,9.3,true,8.6,-1.4,8.6,10,true,8.2,-1.9,8.6,10.5,false,14,8.6,-1.4,11
2026-04-02,AMD_NONE,CONFLICTED,DOWN,18,false,75,DOWN,0.68766,13.2,13.2,13.2,0,true,16.8,10.4,16.8,6.4,true,11.3,-4.8,16.8,21.6,false,0.7,-18.2,16.8,35,false,-13.3,-35.6,16.8,52.4,false,-27.4,-33.4,16.8,50.2,false,11,16.8,10.4,12
2026-04-03,AMD_FAILED,CONFLICTED,DOWN,3,false,13,UP,0.69062,2.6,0.2,2.6,2.4,true,3.5,1.6,3.5,1.9,true,5.4,-6.4,5.4,11.8,true,0.4,-2.8,5.4,8.2,false,-2.6,-12.8,5.4,18.2,false,-10.9,-13.8,5.4,19.2,false,12,5.4,-6.4,13
2026-04-06,AMD_SHIFTED,CONFLICTED,UP,7,false,49,UP,0.6926,6.2,1.5,6.2,4.7,true,5.8,2.6,6.2,3.6,false,4.8,2.3,6.2,3.9,false,7.8,5.2,7.8,2.6,true,12.1,-4.2,12.1,16.3,true,-4.2,-8,12.1,20.1,false,14,12.1,-4.2,11
2026-04-07,AMD_COMPRESSION_BREAKOUT,CONFLICTED,UP,33,false,24,UP,0.69404,3.2,-11.2,3.2,14.4,true,-3.1,-4.2,3.2,7.4,false,6.7,-2.6,6.7,9.3,true,0.1,-11.6,6.7,18.3,false,11.8,-2.7,11.8,14.5,true,7,2.8,11.8,9,false,14,11.8,-2.7,11
2026-04-08,AMD_SHIFTED,ALIGNED,DOWN,28,true,42,UP,0.70349,9.4,3.9,9.4,5.5,true,21.9,19.1,21.9,2.8,true,38.9,35.9,38.9,3,true,43.4,20.5,43.4,22.9,true,26.5,23.9,43.4,19.5,false,28.9,25.8,43.4,17.6,true,13,43.4,20.5,14
2026-04-09,AMD_FAILED,ALIGNED,DOWN,7,true,21,UP,0.70327,2.6,-2.9,2.6,5.5,true,13.3,13.1,13.3,0.2,true,13.4,8.6,13.4,4.8,true,25.6,18.3,25.6,7.3,true,28.3,27.5,28.3,0.8,true,53.3,52.7,53.3,0.6,true,15,53.3,52.7,-1
2026-04-10,AMD_COMPRESSION_BREAKOUT,CONFLICTED,UP,16,false,30,UP,0.70677,2.1,0.3,2.1,1.8,true,4.7,4.1,4.7,0.6,true,15.9,8.7,15.9,7.2,true,20.3,10.5,20.3,9.8,true,26.1,15.5,26.1,10.6,true,21.3,9.1,26.1,17,false,14,26.1,15.5,15
2026-04-13,AMD_SHIFTED,ALIGNED,DOWN,11,true,42,UP,0.70466,4.8,3.6,4.8,1.2,true,8.9,-11.3,8.9,20.2,true,-1.2,-2.9,8.9,11.8,false,16,10.8,16,5.2,true,23.4,18.6,23.4,4.8,true,20.2,15.2,23.4,8.2,false,14,23.4,18.6,12
2026-04-14,AMD_COMPRESSION_BREAKOUT,null,UP,18,false,27,UP,0.71134,9.2,5.8,9.2,3.4,true,0,0,9.2,0,false,0,0,9.2,0,false,0,0,9.2,0,false,0,0,9.2,0,false,0,0,9.2,0,false,10,9.2,5.8,-1
2026-04-20,AMD_FAILED,null,UP,10,false,33,DOWN,0.7158,4.8,1.4,4.8,3.4,true,0,0,4.8,0,false,0,0,4.8,0,false,0,0,4.8,0,false,0,0,4.8,0,false,0,0,4.8,0,false,10,4.8,1.4,-1
2026-04-22,AMD_FAILED,null,DOWN,9,false,23,UP,0.71619,3,0.3,3,2.7,true,0,0,3,0,false,0,0,3,0,false,0,0,3,0,false,0,0,3,0,false,0,0,3,0,false,10,3,0.3,-1
2026-04-23,AMD_COMPRESSION_BREAKOUT,null,DOWN,12,false,30,DOWN,0.71473,14.2,11.5,14.2,2.7,true,0,0,14.2,0,false,0,0,14.2,0,false,0,0,14.2,0,false,0,0,14.2,0,false,0,0,14.2,0,false,10,14.2,11.5,-1
2026-04-24,AMD_FAILED,null,DOWN,7,true,21,UP,0.71302,6.4,4.4,6.4,2,true,0,0,6.4,0,false,0,0,6.4,0,false,0,0,6.4,0,false,0,0,6.4,0,false,0,0,6.4,0,false,10,6.4,4.4,-1
2026-04-28,AMD_COMPRESSION_BREAKOUT,null,DOWN,10,false,32,DOWN,0.7175,11.4,10.3,11.4,1.1,true,0,0,11.4,0,false,0,0,11.4,0,false,0,0,11.4,0,false,0,0,11.4,0,false,0,0,11.4,0,false,10,11.4,10.3,-1
2026-04-30,AMD_COMPRESSION_BREAKOUT,null,UP,19,false,23,UP,0.71452,12.6,12.4,12.6,0.2,true,0,0,12.6,0,false,0,0,12.6,0,false,0,0,12.6,0,false,0,0,12.6,0,false,0,0,12.6,0,false,10,12.6,12.4,-1
2026-05-01,AMD_FAILED,null,DOWN,13,false,19,UP,0.71853,7.1,5.1,7.1,2,true,0,0,7.1,0,false,0,0,7.1,0,false,0,0,7.1,0,false,0,0,7.1,0,false,0,0,7.1,0,false,10,7.1,5.1,-1
2026-05-07,AMD_FAILED,null,DOWN,8,false,32,UP,0.72602,3.6,-4.4,3.6,8,true,0,0,3.6,0,false,0,0,3.6,0,false,0,0,3.6,0,false,0,0,3.6,0,false,0,0,3.6,0,false,10,3.6,-4.4,-1
2026-05-08,AMD_COMPRESSION_BREAKOUT,null,UP,17,false,31,UP,0.72342,7.4,2.2,7.4,5.2,true,0,0,7.4,0,false,0,0,7.4,0,false,0,0,7.4,0,false,0,0,7.4,0,false,0,0,7.4,0,false,10,7.4,2.2,-1
2026-05-11,AMD_FAILED,null,UP,7,false,17,DOWN,0.72365,0.7,-6.3,0.7,7,true,0,0,0.7,0,false,0,0,0.7,0,false,0,0,0.7,0,false,0,0,0.7,0,false,0,0,0.7,0,false,10,0.7,-6.3,-1
2026-05-13,AMD_COMPRESSION_BREAKOUT,null,UP,11,false,17,UP,0.7245,4.2,3,4.2,1.2,true,0,0,4.2,0,false,0,0,4.2,0,false,0,0,4.2,0,false,0,0,4.2,0,false,0,0,4.2,0,false,10,4.2,3,-1
2026-05-14,AMD_TEXTBOOK,null,UP,12,true,24,DOWN,0.7246,7.3,3.2,7.3,4.1,true,0,0,7.3,0,false,0,0,7.3,0,false,0,0,7.3,0,false,0,0,7.3,0,false,0,0,7.3,0,false,10,7.3,3.2,-1
2026-05-18,AMD_SHIFTED,ALIGNED,UP,13,false,40,DOWN,0.71558,7.7,7.1,7.7,0.6,true,0,0,7.7,0,false,0,0,7.7,0,false,0,0,7.7,0,false,0,0,7.7,0,false,0,0,7.7,0,false,10,7.7,7.1,-1
2026-05-19,AMD_SHIFTED,CONFLICTED,DOWN,17,false,48,DOWN,0.71154,6.6,-1.1,6.6,7.7,true,0,0,6.6,0,false,0,0,6.6,0,false,0,0,6.6,0,false,0,0,6.6,0,false,0,0,6.6,0,false,10,6.6,-1.1,-1
2026-05-20,AMD_COMPRESSION_BREAKOUT,ALIGNED,UP,9,false,27,UP,0.71126,13.6,12.5,13.6,1.1,true,0,0,13.6,0,false,0,0,13.6,0,false,0,0,13.6,0,false,0,0,13.6,0,false,0,0,13.6,0,false,10,13.6,12.5,-1